target_relpath,pixels,mode,grab,monde_u,px_par_u,nom_moteur,acteur,origine,octets,sha256
patches/rf04/RF5_BLNK.png,64x64,RGBA,,16x16,4,RF5_BLNK (Texture),,Opus ou référence antérieure (aucun import enregistré),96,ee5f4ae0aae66a3d9ad8166933132bf2fad25da6220d8f02127f69546b5a4795
patches/rf04/RF5_CAD0.png,384x192,RGBA,,96x48,4,RF5_CAD0 (Texture),,RF05_DIALS_V02 (importé 2026-10-02 07:14),112626,d0309d1e8f0ffe95117950727c2100dff7399af759247c29b1cbe9f1cee76cf6
patches/rf04/RF5_CAD1.png,384x192,RGBA,,96x48,4,RF5_CAD1 (Texture),,RF05_DIALS_V02 (importé 2026-10-02 07:14),112011,86840f6268ad2f334b0d649872fd71fb0ac0cd7ee0d04a8de9cb28d4360cbf1f
patches/rf04/RF5_ESCA.png,256x512,RGB,,64x128,4,RF5_ESCA (Texture),,Opus ou référence antérieure (aucun import enregistré),165398,ab20be5a4a26c794c0ac30673a2774647ee5043f8843813cc13a61704179b4b0
patches/rf04/RF5_FUS0.png,192x128,RGB,,48x32,4,RF5_FUS0 (Texture),,Opus ou référence antérieure (aucun import enregistré),17439,736c83f93feacb864f5275c0971fa88e04652f6aa269bba2a5a816a19ae83b37
patches/rf04/RF5_FUS1.png,192x128,RGB,,48x32,4,RF5_FUS1 (Texture),,Opus ou référence antérieure (aucun import enregistré),17457,c0829011e8e79f6e37e624ff1a6451400d8e588414843225e14ff20bee4478b6
patches/rf04/RF5_LEVA.png,128x192,RGB,,32x48,4,RF5_LEVA (Texture),,Opus ou référence antérieure (aucun import enregistré),15089,cf9f587395ed538f72077fafbba70914add036431c44d404df00d7fe332734c5
patches/rf04/RF5_LEVM.png,128x192,RGB,,32x48,4,RF5_LEVM (Texture),,Opus ou référence antérieure (aucun import enregistré),15122,3ece9b6113f43c38e0131488070cef67f4c23f62c984455a30fe6bac810372b0
patches/rf04/RF5_LUN0.png,512x128,RGBA,,128x32,4,RF5_LUN0 (Texture),,Opus ou référence antérieure (aucun import enregistré),1332,6373bd4c84235d1de4f2bff77d7fc5a2f64c6eccfac23101d7db58999e4f0097
patches/rf04/RF5_LUN1.png,512x128,RGBA,,128x32,4,RF5_LUN1 (Texture),,Opus ou référence antérieure (aucun import enregistré),1616,f747f2121fd8a8ac70180f4d0e4b02ca2a6eb54cc02d97b492a290bf9c205ebc
patches/rf04/RF5_MARB.png,512x512,RGB,,128x128,4,RF5_MARB (Texture),,RF05_RF06_MATERIALS_01 (importé 2026-10-01 15:47),492465,1276d23d8a4d6c0179c8e5d84da8d61e570abdfa8a7b46dc54f8a669ab19b633
patches/rf04/RF5_MOTR.png,256x192,RGB,,64x48,4,RF5_MOTR (Texture),,RF05_MACHINES_01 (importé 2026-10-01 15:47),83356,6d9e80593678ac1f28f94e5d7201a2caa8f35fdc0b682c2a9995c5444142223a
patches/rf04/RF5_NOD0.png,192x256,RGB,,48x64,4,RF5_NOD0 (Texture),,RF05_MACHINES_01 (importé 2026-10-01 15:47),70559,d9aebb8c36457494ea19e634671304afd892255ff0c50f8526bc4bf9443983e5
patches/rf04/RF5_NOD1.png,192x256,RGB,,48x64,4,RF5_NOD1 (Texture),,RF05_MACHINES_01 (importé 2026-10-01 15:47),95631,3a8542f3ac8f9b8230cf4b67f952e7a2f728589697bd0bfe4a784682de186afd
patches/rf04/RF5_NOD2.png,192x256,RGB,,48x64,4,RF5_NOD2 (Texture),,RF05_MACHINES_01 (importé 2026-10-01 15:47),95227,94eabd67fa535c65b4fe9cf0343c40faf3b83a7bde7d961f26092f5f659ac5c3
patches/rf04/RF5_PAUM.png,192x96,RGBA,,48x24,4,RF5_PAUM (Texture),,Opus ou référence antérieure (aucun import enregistré),5271,7abb05e158dfa07903415bb96a2854bb0b1c48dea3a5fcaa6f345b097a7679cd
patches/rf04/RF5_ROU0.png,256x256,RGBA,,64x64,4,RF5_ROU0 (Texture),,RF05_MACHINES_01 (importé 2026-10-01 15:47),104953,139296ec9d585da5683e181fc1ed1b841678ed95bcc957fb091e655b19999001
patches/rf04/RF5_ROU1.png,256x256,RGBA,,64x64,4,RF5_ROU1 (Texture),,RF05_MACHINES_01 (importé 2026-10-01 15:47),106203,53933940e6d7bcd98f8a93c799623af755361052fa2984627faad8286f84952b
patches/rf04/RF5_ROUS.png,256x256,RGBA,,64x64,4,RF5_ROUS (Texture),,RF05_MACHINES_01 (importé 2026-10-01 15:47),104953,139296ec9d585da5683e181fc1ed1b841678ed95bcc957fb091e655b19999001
patches/rf04/RF5_VOUT.png,512x512,RGB,,128x128,4,RF5_VOUT (Texture),,RF05_RF06_MATERIALS_01 (importé 2026-10-01 15:47),525974,9487f1bf41bd8315e2c170836ca09dd3da2e902393e31345650ee22446991dd8
sprites/rf04/R5ENA0.png,56x36,RGBA,"28,18",19.6x12.6 (Scale 0.35),2.857,R5ENA0,RFEnvelopeProp,Opus ou référence antérieure (aucun import enregistré),236,5cc7e7e1a8fb9d51d8a5fc63a7bbaad0e2c1f792737e614811b0abc090dbbad4
sprites/rf04/R5TRA0.png,300x70,RGBA,"150,70",165.0x38.5 (Scale 0.55),1.818,R5TRA0,RFCoasterTrain,Opus ou référence antérieure (aucun import enregistré),783,8a995d3dbfdb5693cc2640ba4307e037e6c079abe069e7e55729bbbb23347eb1
