Carte,Chargement,Parcours sans triche,Porte bleue deux faces,Deux secrets,Sauvegarde rechargement,Sortie correcte,Ressources rendu,Observation
RF01,NON TESTE,NON TESTE,NON TESTE,NON TESTE,NON TESTE,NON TESTE,NON TESTE,
RF02,NON TESTE,NON TESTE,NON TESTE,NON TESTE,NON TESTE,NON TESTE,NON TESTE,
RF03,NON TESTE,NON TESTE,NON TESTE,NON TESTE,NON TESTE,NON TESTE,NON TESTE,
RF04,NON TESTE,NON TESTE,NON TESTE,NON TESTE,NON TESTE,NON TESTE,NON TESTE,
RF05,NON TESTE,NON TESTE,NON TESTE,NON TESTE,NON TESTE,NON TESTE,NON TESTE,
RF06,NON TESTE,NON TESTE,NON TESTE,NON TESTE,NON TESTE,NON TESTE,NON TESTE,
RF07,NON TESTE,NON TESTE,NON TESTE,NON TESTE,NON TESTE,NON TESTE,NON TESTE,
RF08,NON TESTE,NON TESTE,NON TESTE,NON TESTE,NON TESTE,NON TESTE,NON TESTE,
RF09,NON TESTE,NON TESTE,NON TESTE,NON TESTE,NON TESTE,NON TESTE,NON TESTE,
RF10,NON TESTE,NON TESTE,NON TESTE,NON TESTE,NON TESTE,NON TESTE,NON TESTE,
RF11,NON TESTE,NON TESTE,NON TESTE,NON TESTE,NON TESTE,NON TESTE,NON TESTE,
RF12,NON TESTE,NON TESTE,NON TESTE,NON TESTE,NON TESTE,NON TESTE,NON TESTE,
RF13,NON TESTE,NON TESTE,NON TESTE,NON TESTE,NON TESTE,NON TESTE,NON TESTE,
RF14,NON TESTE,NON TESTE,NON TESTE,NON TESTE,NON TESTE,NON TESTE,NON TESTE,
RF15,NON TESTE,NON TESTE,NON TESTE,NON TESTE,NON TESTE,NON TESTE,NON TESTE,
RF16,NON TESTE,NON TESTE,NON TESTE,NON TESTE,NON TESTE,NON TESTE,NON TESTE,
RF17,NON TESTE,NON TESTE,NON TESTE,NON TESTE,NON TESTE,NON TESTE,NON TESTE,
RF18,NON TESTE,NON TESTE,NON TESTE,NON TESTE,NON TESTE,NON TESTE,NON TESTE,
RF19,NON TESTE,NON TESTE,NON TESTE,NON TESTE,NON TESTE,NON TESTE,NON TESTE,
RF20,NON TESTE,NON TESTE,NON TESTE,NON TESTE,NON TESTE,NON TESTE,NON TESTE,
RF21,NON TESTE,NON TESTE,NON TESTE,NON TESTE,NON TESTE,NON TESTE,NON TESTE,
RF22,NON TESTE,NON TESTE,NON TESTE,NON TESTE,NON TESTE,NON TESTE,NON TESTE,
RF23,NON TESTE,NON TESTE,NON TESTE,NON TESTE,NON TESTE,NON TESTE,NON TESTE,
