id,element,lieu_sequence,priorite,lot,statut_build,preuve,manque,implantation_proposee
EL001,Peigne de corne cassé,RF01,P2,R02,ABSENT,"Cherché « peigne », « corne », « comb » dans src/LANGUAGE, src/zscript/rf/*.zs, scripts/mapkit/rf01.py : rien. RF01 ne remet aucun effet personnel (docs/production/CANON_FIDELITE.md:126-130, §7).",L'objet (peigne en corne cassé au milieu) et toute mention.,
EL002,Montre arrêtée et changement 6h20/6h06,RF01/RF04,P1,V01,INCOMPLET,"RF04 : texte seul, src/LANGUAGE:159 RF_RF04_CLOCK_2 (« La montre arrêtée ne marque plus six heures vingt : les aiguilles indiquent six heures six »), dit pendant le pointage (src/zscript/rf/luna.zs:398-403). RF07 : la montre qui fonctionne est affichée à l'écran (jerma.zs:241-258), autre état. RF01 : rien (CANON_FIDELITE.md:126-130).","La montre comme objet : remise à Sainte-Anne (RF01), portée, montrée arrêtée à 6 h 20 puis à 6 h 06 au pointage ; aucun cadran, aucune icône de HUD avant RF07.","RF01 : la montre arrêtée posée avec les autres effets rendus sur la table de la chambre de départ (scripts/mapkit/rf01.py:259), à ramasser avant de sortir (lot borné déjà proposé en CANON_FIDELITE §7, à faire après accord puisque RF01 est acceptée). RF04 : au moment du pointage, afficher le cadran à l'écran comme la montre de RF07 (jerma.zs:241) : aiguilles à 6 h 20, puis à 6 h 06 quand le carton sort de l'horloge."
EL003,Bracelet du rendez-vous 2026,RF01,P2,R02,INCOMPLET,"Mentions de légende seulement, hors RF01 : src/LANGUAGE:89 RF_RF02_TICKET_2 (« Il range le ticket avec le bracelet »), src/LANGUAGE:251 RF_RF05_START_4 (« le bracelet de 2026 »). Rien dans scripts/mapkit/rf01.py.","Le bracelet blanc lui-même dans RF01 (nom, date de naissance, rendez-vous du 19 août 2026 à midi), son texte lisible, sa conservation visible.",
EL004,Registre bleu et ligne vide,RF01,P2,R02,INCOMPLET,"RF01 : registre de garde sur le comptoir des admissions (scripts/mapkit/rf01.py:187, src/LANGUAGE:333 RF_NOTE_1) et registre d'admission ouvert sur une table de la salle des registres (rf01.py:472, src/LANGUAGE:335 RF_NOTE_3 : « ARDENT, Viktor… Sortie : néant »), lus avec la touche d'usage.","Le registre du vestibule sur son pupitre, la ligne vide où Viktor pose le doigt, l'encre qui a bavé, et ERREUR Ø au crayon bleu en haut de page (absent, CANON_FIDELITE.md:126).",
EL005,Patient portant ventilateur débranché,RF01,P2,F01,ABSENT,"Cherché « ventilateur », « patient », « pyjama » dans src/LANGUAGE, src/zscript/rf/*.zs, scripts/mapkit/rf01.py : aucune figure non hostile dans RF01 (seuls infirmiers, brancardier, porte-registre ; CANON_FIDELITE.md:127).","La figure du patient, le ventilateur débranché, l'échange (« Elle ne supporte pas la chaleur »).",
EL006,Flacon brun 117,RF01/RF05,P1,J02,INCOMPLET,"RF05 : texte seul, src/LANGUAGE:228 RF_RF05_WOMAN_7 (« Il lui donne le flacon 117 »), dit dans la séquence du levier (src/zscript/rf/luna_machines.zs:347). RF01 : rien (CANON_FIDELITE.md:127).","Le flacon brun à l'étiquette 117 comme objet : remis dans RF01, porté, bu (RF02), donné à la jeune femme puis rendu (RF05) ; aucune image, aucun objet d'inventaire.","RF01 : le flacon brun (étiquette blanche, 117 à l'encre violette) et le paquet de biscuits posés sur le poste des infirmières du pavillon est (scripts/mapkit/rf01.py:379), à ramasser, avec la ligne « Prenez ça. Pas tout d'un coup. » ; après accord (RF01 acceptée). RF05 : pendant RF_RF05_WOMAN_7, montrer le flacon à l'écran, moins plein quand elle le rend."
EL007,Carton017 à lettres bleues,RF01/RF04/Jerma,P1,J02,INCOMPLET,"RF04 : objet porté RFTimeCard puis RFTimeCardPunched (src/zscript/rf/luna.zs:7-27), donné au chargement de la carte (luna.zs:155-156), icônes d'Astra RF4CART0/RF4CART1 affichées dans le HUD de RF04 seulement (src/zscript/rf/hud.zs:333-340), intitulés src/LANGUAGE:185-186 ; pointé 06:06 (luna.zs:392-403).","La remise à Sainte-Anne (RF01 : rien), le carton montré à l'infirmière, porté dans RF02 (il n'est donné qu'à l'entrée de RF04) ; les états du Jerma (humide, suie, tache de graisse en cercle barré, tombé du matelas) relèvent de RF08, non produite.","RF01 : le carton LUNA PARK - PERSONNEL TECHNIQUE, 017, parmi les effets rendus sur la table de la chambre de départ (scripts/mapkit/rf01.py:259), ramassé (donne RFTimeCard) ; icône du HUD gardée de RF01 à RF04 (lever la condition « RF04 » de hud.zs:336) ; après accord (RF01 acceptée). Rien à ajouter dans RF07 : la chute du carton est dans RF08."
EL008,Poussette de registres et ficelles,RF02,P1,R01,PRESENT,"scripts/mapkit/rf02.py:230-232 : modèle d'Astra RFPram (src/zscript/rf/paris.zs:98-109, models/rf02/pram.obj), note lisible src/LANGUAGE:116 RF_NOTE_20 (« registres ficelés »), la femme F02-02 la pousse vers l'ouest quand Viktor approche (paris.zs:459-491, figures.zs:26-34).",,
EL009,Formulaires brûlant dans seau,RF02,P2,R01,PRESENT,"scripts/mapkit/rf02.py:226-228 : seau RFFormsBucket (paris.zs:59-68, son de feu en boucle), lumière vacillante, figure F02-01 qui nourrit le feu (figures.zs:20-24, trois images) ; texte src/LANGUAGE:87 RF_RF02_FORMS. Le sprite du seau est fixe : la combustion est rendue par la lumière et le son.",,
EL010,"Tram, cage et valises",RF02,P1,R01,PRESENT,"scripts/mapkit/rf02.py:287-320 : modèle d'Astra du tram praticable (models/rf02/tram.obj : 12 valises sur les banquettes, cage, perche abaissée), rails, sacoche du receveur (rf02.py:319, ticket poinçonné : paris.zs:564-572, src/LANGUAGE:88-90), vieil homme endormi F02-04 (figures.zs:41-59). La cage du modèle est vide (pas de poules).",,
EL011,Lion de Belfort et matelas transportés,RF02,P2,R01,INCOMPLET,"scripts/mapkit/rf02.py:282-285 : matelas à plat sur les trottoirs de Denfert et charrette à bras chargée d'un matelas (RFMattressProp, paris.zs:179-195) ; pancartes des abris rf02.py:276-278.","Le Lion de Belfort (absent, CANON_FIDELITE.md:105) ; l'homme qui tire seul un matelas à ressorts à la corde ; cordes et attaches sur les charges.",
EL012,Pharmacie et ancien Viktor à corriger,RF02,P1,V01,PRESENT,"scripts/mapkit/rf02.py:349-359 : rideau de fer, ERREUR Ø utilisable (RF2_ERPH, src/LANGUAGE:91-92), vitrine latérale en miroir réel derrière les bocaux de Codex (RF2_PHVI) ; matelas visible seulement dans le reflet (paris.zs:198-223, 517-545) ; reflet de Viktor R2F8 V02 de Codex importé le 01/10 (figures.zs:65-85, docs/production/handoff/RF2_20261001/IMPORT_R2F8_V02.json) : même visage que le maître du HUD, anneaux, sweat noir, 56 u (mesures/reflet_rf02.md). Le défaut signalé le 01/10 (ancien Viktor) est donc corrigé dans ce build ; verdict du propriétaire sur V02 non enregistré.",,
EL013,Enveloppe de Cochin,RF02/RF05,P1,F01,INCOMPLET,"RF02 : la femme de Cochin F02-06 devant le portail, l'enveloppe tenue à deux mains (scripts/mapkit/rf02.py:364, figures.zs:62), figure muette : aucune scène, aucun texte RF_RF02_* pour elle. RF05 : texte src/LANGUAGE:226 RF_RF05_WOMAN_5 (nom, Waukegan, Illinois, 117), enveloppe posée sur l'établi (luna_machines.zs:23-27, 340-345, sprite R5ENA0 provisoire de l'intégrateur), objet porté RFCochinEnvelope « non ouverte » (luna_machines.zs:404, src/LANGUAGE:261).","RF02 : la scène (« Monsieur Ardent, vos résultats. » … « Gardez-les. » … « Quand vous saurez, revenez. »), l'adresse à moitié masquée par le pouce. RF05 : l'enveloppe définitive (fenêtre, typographie, adresse lisible) ; la main qui la tient manque puisque la jeune femme n'a pas de figure.","RF02 : une ligne de marche sur le boulevard de Port-Royal à hauteur du portail (x 1216) lance l'échange en sous-titres comme les autres scènes de RFParis ; la femme reste devant le portail, l'enveloppe ne se ramasse pas ; la vague E3 (rf02.py:384-385) ne se réveille qu'après la dernière réplique. RF05 : remplacer R5ENA0 par l'enveloppe d'Astra et la rendre lisible (LIRE) sur l'établi : nom derrière la fenêtre, Waukegan, Illinois, 117 ; elle reste non ouverte."
EL014,Amiga au reflet puis Ducretet,RF02,P1,R01,INCOMPLET,"scripts/mapkit/rf02.py:413-415, 425 et src/zscript/rf/paris.zs:495-513 : vue de la rue (176 à 520 u, de face), la vitrine de TSF prend la texture RF2_AMIG (boîtier gris, écran bleu, disquettes dans une boîte à chaussures, homme penché sur un plan), puis revient aux postes (RF2_TSFS) à moins de 160 u. RF2_AMIG est un substitut de l'intégrateur (scripts/mapkit/materials_rf02.py:823-827 ; CANON_FIDELITE.md:68, CAN-002).","Le maître d'Astra de l'Amiga 1200 pour le reflet ; le poste Ducretet couvert de poussière qui « lui renvoie son visage » à l'approche (la vitrine finale montre des postes génériques, sans Ducretet ni reflet).","Garder le déclenchement actuel. Remplacer RF2_AMIG par l'image composée depuis le maître d'Astra, et ajouter à l'état final de la vitrine un Ducretet poussiéreux à l'emplacement exact où le boîtier gris apparaissait, pour que le joueur voie l'un céder à l'autre en s'approchant."
EL015,Garçon TSF et fusible,RF02,P2,F01,PRESENT,"scripts/mapkit/rf02.py:423-424 : poste RFRadioSet au bord du comptoir (paris.zs:76-84, état allumé), le garçon F02-05 accroupi derrière le comptoir, tournevis et boîte de lampes (figures.zs:61) ; réparation à la touche d'usage (paris.zs:586-601, son du fusible, lampe du cadran qui s'allume), textes src/LANGUAGE:96-100. Les répliques du garçon ne sont pas reprises.",,
EL016,Barricade de livres et fiche Jerma,RF02,P2,R01,PRESENT,"scripts/mapkit/rf02.py:442-446 : pile de livres devant la porte de la librairie (RF2_LIVR, titres du roman), atlas posé dessus (RFAtlas, paris.zs:86-96) ; la fiche tombe et se conserve (paris.zs:573-581, RFReaderCard), textes src/LANGUAGE:101-103 (tampon du 12 décembre 2022, JERMA - ERREUR Ø).",,
EL017,Téléphone sans câble en service,RF02,P2,R01,INCOMPLET,"scripts/mapkit/rf02.py:508-512 : table pliante, téléphone de campagne RFFieldPhone, sonnerie à l'approche (paris.zs:387-393), appel en sous-titres (paris.zs:602-624, src/LANGUAGE:106-111), Ø gravé sous le boîtier, une dernière sonnerie après la coupure.","L'état « câble arraché » : ni le geste ni la prise pendante ne sont montrés ou dits, la dernière sonnerie ne se lit donc pas comme une sonnerie sans câble ; la table n'est pas renversée.",
EL018,Valise brune de chaussures,RF02,P2,F01,INCOMPLET,"scripts/mapkit/rf02.py:511 : la jeune femme F02-07 debout dans la chicane du barrage (figures.zs:63, une image fixe, robe claire). Le patch RF2_VALI existe (src/patches/rf02) mais n'est posé nulle part dans la carte.","La valise brune elle-même (posée sur la table renversée, un coin ouvert sur les chaussures enveloppées de papier), le dialogue (« Ça vous soulage ? » … « Celle qui restera. »), son départ vers le pont.",
EL019,Colonne Morris et couches d'affiches,RF02,P1,R01,PRESENT,"scripts/mapkit/rf02.py:545 : colonne Morris en modèle à trois habillages (src/MODELDEF:204-212, paris.zs:144-158) : bandes ANNULÉ et affiche du Luna Park (LA VILLE ENCHANTÉE DE LA PORTE MAILLOT), JERMA PALACE le temps d'un battement quand on gratte (paris.zs:349-356), puis la poudre dentifrice ; texte src/LANGUAGE:112.",,
EL020,U pendant et DÉFINITIVE barré,RF02/RF04,P1,A01,PRESENT,"RF02 : scripts/mapkit/rf02.py:576-577, enseigne RF2_LUNA (le U pend) et panneau RF2_LUNF (FERMETURE DÉFINITIVE, DÉFINITIVE barré au charbon) au-dessus de la grille cadenassée ; planche de transition RF02 → RF04 (src/COMICDEF, scene RF02_RF04). RF04 : seul le revers des portes est vu de l'intérieur (scripts/mapkit/luna_park.py:141, RF4_PORT de Codex), sans lettres ; les deux entrées ne sont pas un même dessin.",,
EL021,Gardien avec registre puis guérite vide,RF04,P1,F01,INCOMPLET,"scripts/mapkit/rf04.py:169-187 : guérite, figure RFFigureGuard assise derrière la vitre, dialogue en sous-titres (luna.zs:379-391, src/LANGUAGE:154-157), puis guérite vide et ERREUR Ø quand Viktor se retourne après la barrière (luna.zs:352-369, src/LANGUAGE:168). La figure est une silhouette provisoire de l'intégrateur (luna.zs:90, sprites R4G1 ; materials_rf04.py:645-647), les parois RF4_GUER aussi.","La figure définitive du gardien (casquette, moustache blanche, registre sur les genoux, doigt noir de graisse) ; le registre resté sur la chaise, ouvert à une page blanche, n'existe que dans le texte.","Même place et même scène. Remplacer R4G1 par la figure d'Astra (assis, parle, tend la main, désigne le crochet). Après sa disparition, laisser dans la guérite, visible par la vitre depuis le chemin, la chaise et le registre ouvert sur une page blanche (objet fixe, sans interaction). Le gardien n'est jamais une cible."
EL022,Pointeuse 017 et 06:06,RF04,P1,A03,PRESENT,"scripts/mapkit/rf04.py:180, 183 : horloge pointeuse d'Astra (RF4_POIN) sur la face est de la guérite ; Viktor tend le carton (luna.zs:237-245, 392-412, son du mécanisme), 06:06 en violet, carton pointé dans le HUD (hud.zs:333-340), textes src/LANGUAGE:158-162, 186.",,
EL023,Tableau de cinq clés,RF04,P1,A03,PRESENT,"scripts/mapkit/rf04.py:181, 184 : tableau des cinq clefs à étiquettes de cuivre (RF4_CLE5 de Codex : ATELIER, PISTE, SOUS-STATION, CHAMBRE FROIDE, JERMA), qui passe à quatre clefs (RF4_CLE4) quand Viktor prend SOUS-STATION (luna.zs:246-254, 413-432) ; clef portée, verrou 6 ; textes src/LANGUAGE:163-167.",,
EL024,ERREUR Ø tracé au doigt gras,RF04,P2,A03,INCOMPLET,"scripts/mapkit/rf04.py:179, 185 : la vitre de la guérite passe de RF4_VIT0 à RF4_VIT1 (ERREUR Ø au doigt gras) quand le joueur se retourne (luna.zs:352-369), texte src/LANGUAGE:168. RF4_VIT0 et RF4_VIT1 sont des substituts de l'intégrateur (materials_rf04.py:137-139 ; aucun import enregistré).","L'art définitif de la vitre (verre sale, tracé de graisse lisible à distance de jeu).",
EL025,Brooklyn Bridge et coulisse câblée,RF04,P1,A03,PRESENT,"scripts/mapkit/luna_park.py:186-209 : façade BROOKLYN BRIDGE (RF4_BROO, arche V02 de Codex), entrée sous le décor, couloir technique praticable aux câbles (RF4_CABL) avec le revers du décor (RF4_BRBK) ; scène scripts/mapkit/rf04.py:204, texte src/LANGUAGE:169.",,
EL026,Niagara et algues hautes,RF04,P1,A03,PRESENT,"scripts/mapkit/luna_park.py:223-243 : bassin en creux de 96 u, escalier sud, rochers de la cascade, balustrade ; parois RF4_BASS de Codex avec la ligne d'algues sèches à 48 u du fond (docs/production/handoff/RF2_20261001/ZONE_PILOTE_RF04.md:15) ; pancarte LES CHUTES DU NIAGARA (luna_park.py:256) ; scène scripts/mapkit/rf04.py:235, texte src/LANGUAGE:170.",,
EL027,Chaussure blanche d'enfant,RF04,P1,A03,PRESENT,"scripts/mapkit/rf04.py:234 et luna_park.py:233-236 : chaussure d'enfant dans la flaque noire au pied de la cascade (RFLunaShoe, luna.zs:69-78, sprite R4SHA0 de Codex, RF04_SHOE_V02 importé le 02/10), regardée à la touche d'usage (luna.zs:433-437), textes src/LANGUAGE:171-174.",,
EL028,Tourniquet 617/618,RF04/RF05,P1,A03,INCOMPLET,"RF04 : scripts/mapkit/rf04.py:273-278, trois tourniquets, compteur d'Astra RF4_C617 qui passe à RF4_C618 et barre qui se lève quand Viktor pousse (luna.zs:266-274), texte src/LANGUAGE:176 : complet.",RF05 : scripts/mapkit/rf05.py ne repose ni les tourniquets ni le compteur (aucun RF4_TOUR ni RF4_C618 dans src/maps/RF05.wad) ; le joueur qui sort de la salle de danse par le vestibule ne trouve plus rien à leur place. Les montants (RF4_TOUR) sont un substitut de l'intégrateur.,"RF05 : reposer sous la marquise les trois tourniquets de RF04 (mêmes positions que rf04.py:273-278), la barre levée et le compteur resté à 618 (RF4_C618), sans interaction : le joueur qui repasse voit le chiffre qu'il a laissé."
EL029,Trois tenues de Viktor au miroir,RF04,P1,V01,PRESENT,"scripts/mapkit/rf04.py:283-292 : trois panneaux de miroir réels au mur ouest de la salle de danse ; pendant la scène du badge (luna.zs:275-280, 438-448) la tenue noire dans le sien (R2F8 V02), la blouse grise (R4V2) puis la chemise claire au badge (R4V3) dans les voisins, qui disparaissent (figures.zs:87-106) ; textes src/LANGUAGE:178-180. Sprites de Codex importés le 01/10 (IMPORT_R4V2_R4V3_V01.json), même visage que le maître du HUD : le défaut signalé le 01/10 est corrigé dans ce build ; le badge se lit dans le sous-titre, pas sur l'image ; verdict du propriétaire non enregistré.",,
EL030,Jukebox muet THE SKY IS EMPTY,RF04,P1,A03,INCOMPLET,"scripts/mapkit/rf04.py:294 : juke-box près de l'estrade (RFLunaJukebox, luna.zs:80-88), bâche retirée, étiquette THE SKY IS EMPTY, touche sans réponse, trois coups du moteur (luna.zs:281-296, 449-466), textes src/LANGUAGE:181-184. Sprites R4JBA0/R4JBB0 provisoires de l'intégrateur (luna.zs:80 ; materials_rf04.py:687-688).","L'objet définitif dans ses états (sous la bâche, découvert : vitre fendue, touches jaunies, liste effacée, étiquette lisible).","Même place, même suite de gestes (retirer la bâche, lire, appuyer : rien, trois coups). Remplacer R4JB par le juke-box d'Astra en deux états, plus un troisième, allumé, pour RF05 (luna_machines.zs:30-34) ; aucune musique nouvelle, le sous-titre reste."
EL031,Escalier et ampoule grillagée,RF05,P1,A02,INCOMPLET,"scripts/mapkit/rf05.py:168-176 : douze marches de la porte de la sous-station à -192, sèches puis humides, palier, cercle de lumière jaune (rf05.py:174), texte src/LANGUAGE:205 RF_RF05_STAIR. Les murs RF5_ESCA (mains courantes gonflées et cuivre verdi peints dans la texture) sont un substitut de l'intégrateur (materials_rf04.py:852-854).",L'ampoule et sa grille n'existent pas comme objet : la lumière est un point lumineux sans source visible ; mains courantes et conduites de cuivre ne sont qu'une image plate provisoire.,"Au palier (rf05.py:173-174), poser sur le mur une applique visible : ampoule nue derrière une grille de fil, allumée, à l'endroit du point lumineux actuel ; remplacer RF5_ESCA par les surfaces d'Astra. Le joueur descend, rien à actionner."
EL032,Tableaux de marbre et porcelaine,RF05,P1,A02,PRESENT,"scripts/mapkit/rf05.py:185-188 : tableaux de marbre aux couteaux de coupure et porcelaines sur les murs nord et ouest (RF5_MARB de Codex), cadrans émaillés sur le marbre (rf05.py:194, 207 ; RF5_CAD0/RF5_CAD1, RF05_DIALS_V02) lus à la touche d'usage (luna_machines.zs:195-197), textes src/LANGUAGE:207-208.",,
EL033,"Moteur, roue et courroie",RF05,P1,A02,PRESENT,"scripts/mapkit/rf05.py:199-200, 211-212 : moteur au centre (RF5_MOTR de Codex), roue et courroie (RF5_ROU0/ROU1 animées tant qu'il tourne, src/ANIMDEFS ; RF5_ROUS à l'arrêt), battement sonore ; ARRÊT (luna_machines.zs:328-335), réparation du palier et de la courroie (208-223, 363-369), MARCHE (385-392) ; textes src/LANGUAGE:206, 213-218, 248-249.",,
EL034,NODE 0 récent et diodes,RF05,P1,A02,PRESENT,"scripts/mapkit/rf05.py:197-198, 210 : coffret noir sans plaque contre le mur, fermé (RF5_NOD0), ouvert diodes vertes (RF5_NOD1) puis rouges après le fusible JERMA (RF5_NOD2), images de Codex ; ventilateurs en boucle (luna_machines.zs:198-207, 376), textes src/LANGUAGE:209-212, 246.",,
EL035,Levier et ATTENTE gravé,RF05,P1,A02,INCOMPLET,"scripts/mapkit/rf05.py:195, 208 : levier sur le mur nord, deux images RF5_LEVM (MARCHE) et RF5_LEVA (ARRÊT) où ATTENTE est gravé entre les deux ; tiré sur ARRÊT puis poussé sur MARCHE (luna_machines.zs:224-231, 326-335, 385-390), textes src/LANGUAGE:219-221, 247-248. Les deux images sont des substituts de l'intégrateur (materials_rf04.py:812-813).","Le levier n'est jamais vu sur ATTENTE : à l'arrivée il est dessiné sur MARCHE, alors que le roman le trouve à la troisième position (« Le levier se trouvait là ») ; pas de troisième image ; bakélite et gravure provisoires.","Même panneau. Trois images : à l'arrivée, moteur battant, la manette à mi-course sur ATTENTE ; ARRÊT après le premier usage ; MARCHE à la remise en route. Remplacer RF5_LEVM/RF5_LEVA par le levier d'Astra ; textes inchangés."
EL036,Jeune femme pieds nus et enveloppe,RF05,P1,F01,INCOMPLET,"Texte et traces seulement : ses neuf répliques en sous-titres dans la séquence du levier (luna_machines.zs:336-353, src/LANGUAGE:222-230), l'enveloppe qui apparaît sur l'établi (luna_machines.zs:340-345), ERREUR Ø sous sa paume (rf05.py:175, RF5_PAUM). Aucune figure n'est placée dans scripts/mapkit/rf05.py (l'en-tête de luna_machines.zs:3-4 le dit : figure demandée).","La jeune femme elle-même : sa descente dans le cercle de l'ampoule, pieds nus et noirs de poussière, le talon blessé, assise sur la caisse, la main sur le mur ; la scène de soin n'est pas visible.","Sous-station, après ARRÊT : la figure d'Astra (la même personne que F02-07 de RF02, sans valise, pieds nus) apparaît en haut de l'escalier dans le cercle de l'ampoule, descend, s'assoit sur la caisse (rf05.py:202), examine son talon, remonte et pose la main sur le mur du palier. Figure sans collision, jamais une cible ; la vague des galeries reste retenue jusqu'à son départ (déjà le cas, luna_machines.zs:354-361)."
EL037,Robe tachée et empreinte humide,RF05,P2,F01,INCOMPLET,"Texte : src/LANGUAGE:228 RF_RF05_WOMAN_7 (la trace « presque brune » sur le tissu clair) ; l'empreinte ERREUR Ø humide et noire apparaît sur le mur du palier (rf05.py:175, luna_machines.zs:349-353, RF5_PAUM, substitut de l'intégrateur, materials_rf04.py:891-892).","La robe tachée (il n'y a pas de figure) ; l'empreinte définitive, humide, à l'échelle d'une paume.",
EL038,"Graisse, clé17 et fibre synthétique",RF05,P1,A02,INCOMPLET,"scripts/mapkit/rf05.py:234 : tiroir de l'atelier (acteur invisible sur un meuble), donne « Chiffons, burette, clé plate de 17 » (luna_machines.zs:239-244, src/LANGUAGE:232, 258) ; palier nettoyé au moteur, fibre synthétique rouge dite en texte (luna_machines.zs:216, 363-366, src/LANGUAGE:238-239).","Aucun de ces objets n'est visible : ni chiffons, burette et clé de 17 dans le tiroir, ni graisse durcie, ni fragment de fibre rouge au fond du palier ; les pièces portées n'apparaissent pas dans le HUD.","Atelier : un tiroir ouvert montrant chiffons, burette et clé plate de 17 (objet fixe, vidé après usage). Moteur : au nettoyage, le capot du palier ouvert et, dans la graisse noire, le fragment rouge à regarder de près (LIRE) avant de l'ôter. L'action reste la même : trouver, revenir, nettoyer."
EL039,Toile et agrafes cuivre sur courroie,RF05,P1,A02,INCOMPLET,"scripts/mapkit/rf05.py:247 : caisse au bout des galeries (acteur invisible), donne « Bande de toile, agrafes de cuivre » (luna_machines.zs:245-250, src/LANGUAGE:234, 259) ; courroie renforcée au moteur (217, 367-369, src/LANGUAGE:240).","La courroie renforcée n'a pas d'image propre : la roue et sa courroie sont les mêmes avant et après (RF5_ROU0/ROU1, RF5_ROUS à l'arrêt, avec la seule réparation ancienne) ; ni la fente, ni la bande de toile agrafée ne se voient ; la toile et les agrafes ne sont pas visibles dans la caisse.","Galerie nord : la caisse ouverte avec la bande de toile et les agrafes de cuivre visibles. Sous-station : après la réparation, la roue passe à une variante de RF5_ROU (arrêtée et en marche) où la courroie porte la bande de toile et ses agrafes de cuivre ; à l'arrêt avant réparation, une variante où la fente à mi-largeur se voit."
EL040,Fusible JERMA daté 22.12.2022,RF05,P1,A02,INCOMPLET,"scripts/mapkit/rf05.py:272 : boîte de rechange dans la salle des transformateurs (acteur invisible), donne le « Fusible de porcelaine daté 22.12.2022 » (luna_machines.zs:251-257, src/LANGUAGE:236, 260) ; tableau des fusibles GRAND HUIT, SALLE DE DANSE, JERMA (rf05.py:196, 209), porte-fusible vide puis garni (RF5_FUS0 → RF5_FUS1), diodes au rouge (luna_machines.zs:232-238, 370-384, src/LANGUAGE:241-246). RF5_FUS0/FUS1 sont des substituts de l'intégrateur (materials_rf04.py:828-830).","Le fusible définitif : la date 22.12.2022 ne se lit que dans le texte, pas sur la porcelaine ; la boîte de rechange n'est pas visible ; tableau provisoire.","Salle des transformateurs : une boîte de rechange visible où un seul cylindre de porcelaine a la bonne taille ; à l'usage, montrer le fusible de près avec 22.12.2022 imprimé. Tableau : remplacer RF5_FUS0/FUS1 par celui d'Astra, le fusible daté visible une fois inséré dans la ligne JERMA."
EL041,Lampes retardées et enseignes fragmentées,RF05,P1,A03,INCOMPLET,"scripts/mapkit/rf05.py:297-304 : quatorze lampes du parc allumées l'une après l'autre à la remise en marche (luna_machines.zs:300-312, 394-401), enseigne LUNA PARK en ampoules sur les rochers (RF5_LUN0 → RF5_LUN1), textes src/LANGUAGE:250, 252. RF5_LUN0/LUN1 sont des substituts de l'intégrateur (materials_rf04.py:905-906).","Les ampoules sont des points lumineux sans globe visible ; une seule enseigne, fixe une fois allumée : les fragments LUNA. PARK. NIAG. BROOK. qui clignotent par morceaux ne sont que dans le sous-titre.","Parc rallumé : aux quatorze points (rf05.py:299-303), des globes fendus visibles, éteints puis allumés avec leur retard. Quatre enseignes en ampoules qui s'allument par morceaux, chacune à sa place : LUNA et PARK sur les rochers de la ruelle, NIAG au-dessus de la rampe du bassin, BROOK sur la façade du pont ; jamais le nom entier."
EL042,Train vide de trois voitures,RF05,P1,A03,INCOMPLET,"scripts/mapkit/rf05.py:294 : train de trois voitures vide qui gravit la rampe de levage au-dessus de la ruelle, disparaît derrière la crête et revient ; le frein claque à chaque passage (luna_machines.zs:36-103), texte src/LANGUAGE:253. Panneau plat provisoire de l'intégrateur (luna_machines.zs:36 ; sprite R5TRA0, materials_rf04.py:933-934).","Le train définitif (trois wagonnets, roues, inertie) : aujourd'hui une image plate tournée vers le joueur ; il ne parcourt que la rampe de levage.","Même trajet au-dessus de la ruelle. Remplacer le panneau R5TRA0 par le train d'Astra (trois voitures rondes à deux places, vides), vu de côté et de dessous ; garder le claquement du frein à chaque passage ; le joueur reste à distance, rien à actionner."
EL043,Couples uniquement dans les miroirs,RF05,P1,F01,INCOMPLET,"Texte seul : src/LANGUAGE:255-256 RF_RF05_HALL_2/3, dit à l'entrée de la salle (scripts/mapkit/rf05.py:340, luna_machines.zs:411-415). Les miroirs de la salle sont réels (rf05.py:326-333) mais n'y passe que le reflet de Viktor (rf05.py:334) ; aucune figure de danseur (rf05.py:322 ; CANON_FIDELITE.md:139-141).","Les couples eux-mêmes dans les miroirs : costumes de plusieurs époques, le couple à l'écart près du juke-box, visages hors champ, la femme qui retire une chaussure.","Salle de danse de RF05 : des couples visibles seulement dans les miroirs (même procédé que le reflet de Viktor, figures.zs:65), placés sur le parquet derrière le joueur pendant la scène d'entrée ; un couple à l'écart près du juke-box, cadré bas, visages hors champ, elle retire une chaussure. Rien dans la salle si le joueur se retourne ; aucune collision, jamais des cibles, aucune musique nouvelle."
EL044,Pente et conduites blanches,RF06,P1,A04,PRESENT,"scripts/mapkit/rf06.py:73-83, 96-100, 137-141 : couloir de béton brut (RF6_BETN, sol et plafond de Codex), plafond bas (88 u), sol qui descend par paliers de 8 puis de 16 u, conduites blanches sous le plafond le long d'un mur ; texte src/LANGUAGE:291. Les conduites sont un volume simple peint, sans colliers ni supports.",,
EL045,117/404/017 barrés,RF06,P1,A04,INCOMPLET,"scripts/mapkit/rf06.py:104-111, 120 : numéros au pochoir barrés sur les portes closes du couloir, dans l'ordre 117, 404, 017… ni croissant ni aléatoire (RF6_N117, RF6_N404, RF6_N017). Les trois images sont des substituts de l'intégrateur (scripts/mapkit/materials_rf06.py:4-7 ; aucun import enregistré).","Les pochoirs définitifs, avec des états distincts (peint, puis barré) et une peinture à l'échelle du mur.","Mêmes portes, même ordre. Remplacer les trois images par les pochoirs d'Astra, la barre visiblement posée après le chiffre et d'une autre main ; observation de passage, rien à actionner."
EL046,Langues et ERREUR Ø en variantes,RF06,P1,A04,INCOMPLET,"scripts/mapkit/rf06.py:182-190 : ERREUR Ø cinq fois, à 640-960 u d'intervalle, cinq variantes (noir, rouge, gravé, zéro à la place du Ø, barre qui coupe le mot : RF6_ER1 à RF6_ER5) ; salle où la peinture se soulève sur des graffitis (rf06.py:124-133, RF6_PEAU/RF6_PEA2 de Codex), texte src/LANGUAGE:289 RF_RF06_PAINT. Les cinq ERREUR Ø sont des substituts de l'intégrateur (materials_rf06.py:4-7).","Les ERREUR Ø définitifs ; des graffitis où l'on reconnaisse plusieurs langues (anglais, français, maltais, italien, cyrillique) ; le texte src/LANGUAGE:288 RF_RF06_ERREUR n'est jamais affiché : aucune ligne de la carte ne porte la scène 5 (corridor.zs:101, absent de src/maps/RF06.wad).","Remplacer RF6_ER1 à RF6_ER5 par les cinq variantes d'Astra aux mêmes places. Dans la salle des peaux, poser sous la peinture soulevée des signatures, dates et initiales en cinq écritures, sans phrase inventée. Ajouter la ligne de marche de la scène 5 au premier ERREUR Ø (rf06.py:182) pour que le texte existant s'affiche ; rien n'est expliqué."
EL047,Ampoules devant et derrière,RF06,P1,A04,INCOMPLET,"scripts/mapkit/rf06.py:193-194 et src/zscript/rf/corridor.zs:54-94 : une lampe par tronçon, allumée de un derrière à trois devant le joueur, éteinte après son passage, remise en état au chargement d'une sauvegarde (corridor.zs:80-90).","L'ampoule nue elle-même (verre, culot, fil) : les lampes sont des points lumineux sans objet visible, on voit la lumière s'allumer et s'éteindre mais pas sa source.","À chaque point lumineux (rf06.py:193-194), pendre sous le plafond une ampoule nue visible à deux états, allumée et éteinte, commutée par RFCorridor.SetLamp avec sa lumière ; le joueur n'a rien à faire, il voit les ampoules s'éteindre derrière lui."
EL048,"Voix, lampe et deux virages",RF06,P1,A04,PRESENT,"scripts/mapkit/rf06.py:145-147, 159-179 : carrefour des voix (« Tu l'as vu où ? » … « Il n'y a pas d'autre aile. », un rire) en sous-titres, faisceau de lampe qui balaie le tronçon est puis disparaît (corridor.zs:115-130, 92-93), deux virages et l'ouverture sur le jour ; textes src/LANGUAGE:291-294. Aucun ennemi. Les voix n'ont pas de son ; l'ouverture RF6_JOUR est un substitut de l'intégrateur.",,
EL049,Terrasse et mer métallique,Jerma,P1,J01,INCOMPLET,"scripts/mapkit/rf07.py:96-113 : terrasse aux gravats, parapet, mer jusqu'à l'horizon (RF7_MER), palmiers autour de la piscine vide en contrebas, ailes de béton, NO FUTURE en bleu (rf07.py:110), ambiances de vent et de vagues ; planche RF06 → RF07 et texte src/LANGUAGE:265. Tout l'habillage est provisoire (scripts/mapkit/materials_rf07.py:4 ; contrat J01_J02 : « tout est provisoire ») ; les palmiers sont des poteaux coiffés d'une dalle (rf07.py:107-109).","Les surfaces et objets définitifs : façade maritime, balcons sans vitres, baie cassée, gravats, palmiers, mer « dure, métallique ».","Garder le plan de la terrasse. Remplacer les huit textures RF7_* par celles d'Astra et les sept palmiers (rf07.py:107-109) par de vrais palmiers pliés par le vent ; la mer garde son horizon (rf07.py:104-105). Le joueur arrive, regarde, rejoint Elvis : sans combat."
EL050,"Elvis attend, guide et aide",Jerma,P1,J02,INCOMPLET,"scripts/mapkit/rf07.py:128, 169-171 et src/zscript/rf/jerma.zs:16-95 : Elvis attend près de la baie cassée, parle, tend la bouteille d'eau (jerma.zs:151-178, src/LANGUAGE:276-282), guide jusqu'au palier en attendant Viktor, soulève le sommier avec lui ; ni cible ni obstacle. Silhouette provisoire de l'intégrateur (jerma.zs:16, sprites R7EV ; materials_rf07.py:112-113).","La figure définitive d'Elvis (références du propriétaire) et ses gestes : attendre, se retourner, tendre la bouteille, porter. L'aide au-delà du sommier (matelas, photo, eau) est dans RF08-RF09, non produites.","Même parcours (rf07.py:169-171). Remplacer R7EV par la figure d'Astra : attente près de la baie, marche, tête tournée vers Viktor quand il attend, bras tendu pour la bouteille, prise du sommier. Jamais une cible, aucune collision."
EL051,Chambre remplaçant le couloir,Jerma,P1,J01,INCOMPLET,"scripts/mapkit/rf07.py:115-121 : derrière le point d'arrivée, une chambre éventrée à la place du couloir (moquette, sommier renversé, ERREUR Ø à hauteur d'épaule), révélée quand le joueur se retourne (jerma.zs:159-165, 201-211), texte src/LANGUAGE:277. Substituts de l'intégrateur : moquette et béton RF7_*, sommier fait d'un bloc (rf07.py:118), ERREUR Ø repris du couloir (RF6_ER5, la variante à la barre qui coupe le mot, rf07.py:119).","La chambre définitive : moquette humide, sommier renversé comme objet, un ERREUR Ø propre à ce mur, noir et récent.","Même pièce, même déclenchement au retournement. Habiller avec les surfaces d'Astra, remplacer le bloc par le sommier renversé, et peindre sur la cloison un ERREUR Ø noir, frais, à hauteur d'épaule, distinct des cinq du couloir. Rien ne dit où est passé le couloir."
EL052,Sommier déplacé ensemble,Jerma,P1,J02,INCOMPLET,"scripts/mapkit/rf07.py:160-161 et src/zscript/rf/jerma.zs:97-109, 213-228 : sommier rouillé en travers de la porte du palier ; utilisable seulement quand Elvis est arrivé, il se déplace et libère le passage ; textes src/LANGUAGE:285-286 (la ligne noire sur les paumes). Sprites R7SBA0/R7SBB0 provisoires de l'intégrateur.","Le sommier définitif (métal rouillé, poids) et l'effort à deux : Elvis ne fait aucun geste, l'objet glisse de 40 u d'un coup.","Même palier. Remplacer R7SB par le sommier d'Astra en deux états (en travers, relevé contre le mur) ; à l'usage, Elvis prend un côté (pose de portage) pendant que le joueur tient l'autre, le sommier pivote, puis « C'est là. »."
EL053,Matelas brûlant sans flamme,Jerma,P1,J02,ABSENT,"La pièce de sortie de RF07 n'a qu'une lueur orangée (scripts/mapkit/rf07.py:157-164) et le texte de fin src/LANGUAGE:269 (« pleine de fumée froide ») : aucun matelas, ni objet ni mention. RF07 s'arrête à « C'est là. » (roman P00627) et la campagne finit là (src/MAPINFO:216, next = EndTitle) ; RF08 n'est pas produite (blockout V1 sans contenu de récit ; contenu prévu : docs/production/maps/RF07_RF12_DECOUPAGE.md:15). CAN-009 (CANON_FIDELITE.md:80).","Le matelas qui se consume de l'intérieur (mousse, poches orange, ressort rougi, fumée), ERREUR Ø sur toute la largeur du mur.",
EL054,Portage de biais et traînée,Jerma,P1,J02,ABSENT,"Cherché « portage », « traînée », « de biais » : rien. RF07 s'arrête à « C'est là. » (roman P00627) et la campagne finit là (src/MAPINFO:216, next = EndTitle) ; RF08 n'est pas produite (blockout V1 sans contenu de récit ; contenu prévu : docs/production/maps/RF07_RF12_DECOUPAGE.md:15, 25-26).","Le portage du matelas à deux, de biais dans le couloir et l'escalier, la traînée de suie et de mousse.",
EL055,Carton017 tombé et essuyé,Jerma,P1,J02,ABSENT,"Cherché « cercle barré », « suie », « tombé » : rien de pertinent. RF07 s'arrête à « C'est là. » (roman P00627) et la campagne finit là (src/MAPINFO:216, next = EndTitle) ; RF08 n'est pas produite (blockout V1 sans contenu de récit ; contenu prévu : docs/production/maps/RF07_RF12_DECOUPAGE.md:15). Le carton n'existe qu'en RF04 (voir EL007).","Le carton 017 qui tombe du matelas, rebondit deux fois, humide, 06:06, tache de graisse en cercle barré, essuyé sur le sweat.",
EL056,NE PAS OUVRIR POUR VÉRIFIER bas,Jerma,P2,J03,ABSENT,"Cherché « NE PAS OUVRIR », « VÉRIFIER » : rien. RF07 s'arrête à « C'est là. » (roman P00627) et la campagne finit là (src/MAPINFO:216, next = EndTitle) ; RF08 n'est pas produite (blockout V1 sans contenu de récit ; contenu prévu : docs/production/maps/RF07_RF12_DECOUPAGE.md:15).","L'inscription en français, très bas sur le mur du dernier palier.",
EL057,Téléphone et compteur17/66/117/404,Jerma,P2,J03,ABSENT,"Cherché « jerma_error », « vignette », « compteur » : rien de pertinent (le seul écran du chapitre est la montre de RF07, jerma.zs:241-258). RF07 s'arrête à « C'est là. » (roman P00627) et la campagne finit là (src/MAPINFO:216, next = EndTitle) ; RF08 n'est pas produite (blockout V1 sans contenu de récit ; contenu prévu : docs/production/maps/RF07_RF12_DECOUPAGE.md:15, 27).","L'écran du téléphone : application inconnue, vignettes grises, jerma_error_zero_0001.png, compteur 17, 66, 117, 404.",
EL058,Reflet retardé d'une seconde,Jerma,P1,V01,ABSENT,"Cherché « une seconde plus tard », « retard » : rien de pertinent ; aucun miroir dans RF07 (src/maps/RF07.wad). RF07 s'arrête à « C'est là. » (roman P00627) et la campagne finit là (src/MAPINFO:216, next = EndTitle) ; RF08 n'est pas produite (blockout V1 sans contenu de récit ; contenu prévu : docs/production/maps/RF07_RF12_DECOUPAGE.md:15, 29-30).",Le reflet dans la vitre brisée qui achève le geste une seconde après Viktor.,
EL059,Cuisine et chambres froides,Jerma,P1,J01,ABSENT,"Les cuisines ne sont que nommées (src/LANGUAGE:272, 282 : « une chambre derrière les cuisines »). RF07 s'arrête à « C'est là. » (roman P00627) et la campagne finit là (src/MAPINFO:216, next = EndTitle) ; RF09 n'est pas produite (blockout V1 sans contenu de récit ; contenu prévu : docs/production/maps/RF07_RF12_DECOUPAGE.md:16).","Les anciennes cuisines (carreaux jaunis, hottes) et les chambres froides ouvertes aux charnières rouillées.",
EL060,"Fauteuil plage, masque, bouchons triés",Jerma,P2,J01,ABSENT,"Cherché « fauteuil », « masque de plongée », « bouchon » : rien. RF07 s'arrête à « C'est là. » (roman P00627) et la campagne finit là (src/MAPINFO:216, next = EndTitle) ; RF09 n'est pas produite (blockout V1 sans contenu de récit ; contenu prévu : docs/production/maps/RF07_RF12_DECOUPAGE.md:16).","La chambre froide habitée : fauteuil de plage, masque de plongée, bouchons triés par couleur.",
EL061,"Quai, rampe et figuiers",Jerma,P1,J01,ABSENT,"Cherché « quai de livraison », « figuier », « rampe » : rien. RF07 s'arrête à « C'est là. » (roman P00627) et la campagne finit là (src/MAPINFO:216, next = EndTitle) ; RF09 n'est pas produite (blockout V1 sans contenu de récit ; contenu prévu : docs/production/maps/RF07_RF12_DECOUPAGE.md:16).","Le quai de livraison, la double porte arrachée, la rampe vers le parking aux figuiers sauvages.",
EL062,Bassin bleu pâli et slogans,Jerma,P1,J01,ABSENT,"RF07 montre seulement, depuis la terrasse, une fosse de béton nu inaccessible (scripts/mapkit/rf07.py:101, « the empty pool (RF09) »), sans mosaïque ni inscription. RF07 s'arrête à « C'est là. » (roman P00627) et la campagne finit là (src/MAPINFO:216, next = EndTitle) ; RF09 n'est pas produite (blockout V1 sans contenu de récit ; contenu prévu : docs/production/maps/RF07_RF12_DECOUPAGE.md:16).","Le bassin aux mosaïques bleues pâlies et ses slogans superposés (FUCK TOURISM, GOD IS DEAD, VIVA MALTA, FREE PALESTINE, la déclaration d'amour au crâne rose).",
EL063,Escarpin présent mais absent des photos,Jerma,P1,J02,ABSENT,"Cherché « escarpin » : rien. CAN-003 « présence exigée, non commencée » (CANON_FIDELITE.md:69). RF07 s'arrête à « C'est là. » (roman P00627) et la campagne finit là (src/MAPINFO:216, next = EndTitle) ; RF09 n'est pas produite (blockout V1 sans contenu de récit ; contenu prévu : docs/production/maps/RF07_RF12_DECOUPAGE.md:16, 29-30).","L'escarpin dans le matelas éventré, visible à l'œil, absent des photos d'Elvis.",
EL064,Eau de pluie et disparition,Jerma,P1,J02,ABSENT,"Cherché « eau de pluie », « gouttière », « vapeur », « poubelle » : rien. RF07 s'arrête à « C'est là. » (roman P00627) et la campagne finit là (src/MAPINFO:216, next = EndTitle) ; RF09 n'est pas produite (blockout V1 sans contenu de récit ; contenu prévu : docs/production/maps/RF07_RF12_DECOUPAGE.md:16).","L'extinction à l'eau de pluie, la vapeur, l'eau noire, la disparition de l'escarpin.",
EL065,Bureau ENGINEERING,Jerma,P1,J03,ABSENT,"Cherché « ENGINEERING », « laiton » : rien. RF07 s'arrête à « C'est là. » (roman P00627) et la campagne finit là (src/MAPINFO:216, next = EndTitle) ; RF10 n'est pas produite (blockout V1 sans contenu de récit ; contenu prévu : docs/production/maps/RF07_RF12_DECOUPAGE.md:17).","Le bureau aveugle derrière la cloison de faïence : plaque de laiton, porte forcée, bureaux, armoire, classeurs 1982-2007.",
EL066,Disquette sous annuaire,Jerma,P1,J03,ABSENT,"Cherché « disquette », « JERMA_A1200 », « annuaire » : rien. CAN-001 « implémentation non commencée » (CANON_FIDELITE.md:67). RF07 s'arrête à « C'est là. » (roman P00627) et la campagne finit là (src/MAPINFO:216, next = EndTitle) ; RF10 n'est pas produite (blockout V1 sans contenu de récit ; contenu prévu : docs/production/maps/RF07_RF12_DECOUPAGE.md:17).","La disquette rouge sombre JERMA_A1200_04, ROOMS / FLOW / FINAL, le cercle barré au dos, sous l'annuaire moisi.",
EL067,Plan et gaine80cm,Jerma,P1,J03,ABSENT,"Cherché « gaine », « CIRCULATION STUDY », « SEALED » : rien. RF07 s'arrête à « C'est là. » (roman P00627) et la campagne finit là (src/MAPINFO:216, next = EndTitle) ; RF11 n'est pas produite (blockout V1 sans contenu de récit ; contenu prévu : docs/production/maps/RF07_RF12_DECOUPAGE.md:18).","Les plans déroulés : CIRCULATION STUDY - V.A., l'escalier qui finit contre un mur, la gaine de 80 cm, ROOM 117 - SEALED.",
EL068,Brochure intacte et chaussure sur rebord,Jerma,P1,J03,ABSENT,"Cherché « brochure », « StarryAI », « rebord », « transat » : rien. RF07 s'arrête à « C'est là. » (roman P00627) et la campagne finit là (src/MAPINFO:216, next = EndTitle) ; RF12 n'est pas produite (blockout V1 sans contenu de récit ; contenu prévu : docs/production/maps/RF07_RF12_DECOUPAGE.md:19).","L'image de brochure du Jerma intact (un escarpin sur un transat) et l'escarpin posé droit sur le rebord opposé, talon vers la mer.",
EL069,Malte quotidienne et galerie1024,Interlude,P2,U01,ABSENT,"Cherché « galerie », « 1 024 », « prompt » dans src/LANGUAGE, src/MAPINFO, src/zscript/rf/*.zs, scripts/mapkit/rf0x.py : aucune occurrence qui s'y rapporte. Lieu : aucune carte attribuée (CANON_FIDELITE.md:45). Séquence postérieure à RF07 : la campagne jouable finit après RF07 (src/MAPINFO:216) ; RF03 et RF08-RF23 sont des blockouts V1 sans contenu de récit (textures génériques, monstres Freedoom, aucun champ user_scene dans leurs TEXTMAP) ; src/LANGUAGE n'a de textes que pour RF01-RF07.","Le logement de Malte, les cafés, la galerie des 1 024 images générées et leurs prompts.",
EL070,M.&L. et fragments domestiques,StepRoom,P1,U01,ABSENT,"Cherché « StepRoom », « M. & L », « M.&L » dans src/LANGUAGE, src/MAPINFO, src/zscript/rf/*.zs, scripts/mapkit/rf0x.py : aucune occurrence qui s'y rapporte. Lieu : CAN-004 « présence exigée, non commencée » (CANON_FIDELITE.md:70). Séquence postérieure à RF07 : la campagne jouable finit après RF07 (src/MAPINFO:216) ; RF03 et RF08-RF23 sont des blockouts V1 sans contenu de récit (textures génériques, monstres Freedoom, aucun champ user_scene dans leurs TEXTMAP) ; src/LANGUAGE n'a de textes que pour RF01-RF07.",La page StepRoom « M. & L. » et les fragments de vidéos domestiques.,
EL071,Atelier Milan et Amiga,Atelier ville non nommée,P1,U02,ABSENT,"Cherché « Milan », « Amiga », « A1200 » dans src/LANGUAGE, src/MAPINFO, src/zscript/rf/*.zs, scripts/mapkit/rf0x.py : aucune occurrence qui s'y rapporte. Lieu : aucune carte attribuée à l'atelier de Milan (CANON_FIDELITE.md:46) ; l'Amiga n'existe que dans le reflet de RF02 (voir EL014). Séquence postérieure à RF07 : la campagne jouable finit après RF07 (src/MAPINFO:216) ; RF03 et RF08-RF23 sont des blockouts V1 sans contenu de récit (textures génériques, monstres Freedoom, aucun champ user_scene dans leurs TEXTMAP) ; src/LANGUAGE n'a de textes que pour RF01-RF07.","L'atelier (CRT, outils, câbles) et l'Amiga 1200 en espace.",
EL072,ROOMS/FLOW/FINAL,Atelier,P1,U02,ABSENT,"Cherché « ROOMS », « FLOW », « ILBM », « 8SVX » dans src/LANGUAGE, src/MAPINFO, src/zscript/rf/*.zs, scripts/mapkit/rf0x.py : aucune occurrence qui s'y rapporte. Lieu : CAN-001 non commencée (CANON_FIDELITE.md:67). Séquence postérieure à RF07 : la campagne jouable finit après RF07 (src/MAPINFO:216) ; RF03 et RF08-RF23 sont des blockouts V1 sans contenu de récit (textures génériques, monstres Freedoom, aucun champ user_scene dans leurs TEXTMAP) ; src/LANGUAGE n'a de textes que pour RF01-RF07.","La lecture de la disquette : ROOMS, FLOW, FINAL, plans, animation, son.",
EL073,Dépôt froid et vieux logos,Dépôt,P2,U02,ABSENT,"Cherché « dépôt », « depot » dans src/LANGUAGE, src/MAPINFO, src/zscript/rf/*.zs, scripts/mapkit/rf0x.py : aucune occurrence qui s'y rapporte. Lieu : aucune carte attribuée (CANON_FIDELITE.md:46). Séquence postérieure à RF07 : la campagne jouable finit après RF07 (src/MAPINFO:216) ; RF03 et RF08-RF23 sont des blockouts V1 sans contenu de récit (textures génériques, monstres Freedoom, aucun champ user_scene dans leurs TEXTMAP) ; src/LANGUAGE n'a de textes que pour RF01-RF07.","Le dépôt froid de Milan, ses vieux logos, ses strates.",
EL074,Quatre wagons et réparation,RF03 Batignolles,P1,U03,ABSENT,"Cherché « wagon », « Batignolles », « attelage », « contacteur » dans src/LANGUAGE, src/MAPINFO, src/zscript/rf/*.zs, scripts/mapkit/rf0x.py : aucune occurrence qui s'y rapporte. Lieu : RF03 « Batignolles » = blockout V1 (src/maps/RF03.wad), hors de la chaîne (RF02 → RF04, src/MAPINFO:171) ; CAN-010 (CANON_FIDELITE.md:81). Séquence postérieure à RF07 : la campagne jouable finit après RF07 (src/MAPINFO:216) ; RF03 et RF08-RF23 sont des blockouts V1 sans contenu de récit (textures génériques, monstres Freedoom, aucun champ user_scene dans leurs TEXTMAP) ; src/LANGUAGE n'a de textes que pour RF01-RF07.","Les quatre wagons frigorifiques, la réparation du groupe froid, le départ.",
EL075,Housse prise pour femme,RF03,P2,U03,ABSENT,"Cherché « housse » dans src/LANGUAGE, src/MAPINFO, src/zscript/rf/*.zs, scripts/mapkit/rf0x.py : aucune occurrence qui s'y rapporte. Lieu : RF03 = blockout V1 (src/maps/RF03.wad). Séquence postérieure à RF07 : la campagne jouable finit après RF07 (src/MAPINFO:216) ; RF03 et RF08-RF23 sont des blockouts V1 sans contenu de récit (textures génériques, monstres Freedoom, aucun champ user_scene dans leurs TEXTMAP) ; src/LANGUAGE n'a de textes que pour RF01-RF07.",La housse prise pour une femme.,
EL076,Luna réquisitionné et palais du rire,Second Luna,P1,U04,ABSENT,"Cherché « réquisition », « palais du rire », « draps » dans src/LANGUAGE, src/MAPINFO, src/zscript/rf/*.zs, scripts/mapkit/rf0x.py : aucune occurrence qui s'y rapporte. Lieu : second passage du Luna Park : « absents ici » (docs/production/maps/RF04_FICHE.md:93-94) ; RF04/RF05 ne montrent que le parc fermé puis rallumé. Séquence postérieure à RF07 : la campagne jouable finit après RF07 (src/MAPINFO:216) ; RF03 et RF08-RF23 sont des blockouts V1 sans contenu de récit (textures génériques, monstres Freedoom, aucun champ user_scene dans leurs TEXTMAP) ; src/LANGUAGE n'a de textes que pour RF01-RF07.","Le parc réquisitionné : draps, familles, soin, palais du rire.",
EL077,BâtimentB et prélèvement,Clinique,P2,U07,ABSENT,"Cherché « Bâtiment B », « prélèvement », « ponction », « sonde » dans src/LANGUAGE, src/MAPINFO, src/zscript/rf/*.zs, scripts/mapkit/rf0x.py : aucune occurrence qui s'y rapporte. Lieu : aucune carte attribuée (CANON_FIDELITE.md:49). Séquence postérieure à RF07 : la campagne jouable finit après RF07 (src/MAPINFO:216) ; RF03 et RF08-RF23 sont des blockouts V1 sans contenu de récit (textures génériques, monstres Freedoom, aucun champ user_scene dans leurs TEXTMAP) ; src/LANGUAGE n'a de textes que pour RF01-RF07.",Le bâtiment B et le prélèvement.,
EL078,Paceville et bracelet cassé,Flashback,P3,U01,ABSENT,"Cherché « Paceville », « broche » dans src/LANGUAGE, src/MAPINFO, src/zscript/rf/*.zs, scripts/mapkit/rf0x.py : aucune occurrence qui s'y rapporte. Lieu : aucune carte attribuée (CANON_FIDELITE.md:49). Séquence postérieure à RF07 : la campagne jouable finit après RF07 (src/MAPINFO:216) ; RF03 et RF08-RF23 sont des blockouts V1 sans contenu de récit (textures génériques, monstres Freedoom, aucun champ user_scene dans leurs TEXTMAP) ; src/LANGUAGE n'a de textes que pour RF01-RF07.","Paceville, le bracelet cassé.",
EL079,FAMILY WATCH et Amiga500,Vidéo,P2,U02,ABSENT,"Cherché « FAMILY WATCH », « Amiga 500 », « A500 » dans src/LANGUAGE, src/MAPINFO, src/zscript/rf/*.zs, scripts/mapkit/rf0x.py : aucune occurrence qui s'y rapporte. Lieu : CAN-013 (CANON_FIDELITE.md:84), RF16 = blockout V1. Séquence postérieure à RF07 : la campagne jouable finit après RF07 (src/MAPINFO:216) ; RF03 et RF08-RF23 sont des blockouts V1 sans contenu de récit (textures génériques, monstres Freedoom, aucun champ user_scene dans leurs TEXTMAP) ; src/LANGUAGE n'a de textes que pour RF01-RF07.",FAMILY WATCH et l'Amiga 500.,
EL080,Motel217 et Donna,Waukegan,P1,U05,ABSENT,"Cherché « Motel », « 217 », « Donna » dans src/LANGUAGE, src/MAPINFO, src/zscript/rf/*.zs, scripts/mapkit/rf0x.py : aucune occurrence qui s'y rapporte. Lieu : RF13 « Waukegan - Chambre 217 » = blockout V1 (src/MAPINFO:228). Séquence postérieure à RF07 : la campagne jouable finit après RF07 (src/MAPINFO:216) ; RF03 et RF08-RF23 sont des blockouts V1 sans contenu de récit (textures génériques, monstres Freedoom, aucun champ user_scene dans leurs TEXTMAP) ; src/LANGUAGE n'a de textes que pour RF01-RF07.","Le motel, la chambre 217, Donna.",
EL081,Unité117 et ligne d'eau50cm,Waukegan,P1,U05,ABSENT,"Cherché « WATERLINE », « Unité 117 », « crochets », « 14 boîtes » dans src/LANGUAGE, src/MAPINFO, src/zscript/rf/*.zs, scripts/mapkit/rf0x.py : aucune occurrence qui s'y rapporte. Lieu : RF14-RF15 = blockouts V1 ; CAN-011 (CANON_FIDELITE.md:82). Séquence postérieure à RF07 : la campagne jouable finit après RF07 (src/MAPINFO:216) ; RF03 et RF08-RF23 sont des blockouts V1 sans contenu de récit (textures génériques, monstres Freedoom, aucun champ user_scene dans leurs TEXTMAP) ; src/LANGUAGE n'a de textes que pour RF01-RF07.","L'unité 117, la ligne d'eau à 50 cm, les 14 boîtes, les crochets.",
EL082,Matelas117 humide chauffé,Motel,P1,U05,ABSENT,"Cherché « matelas », « bac de » dans src/LANGUAGE, src/MAPINFO, src/zscript/rf/*.zs, scripts/mapkit/rf0x.py : aucune occurrence qui s'y rapporte. Lieu : RF13 = blockout V1 ; le seul matelas du build est celui des rues de RF02. Séquence postérieure à RF07 : la campagne jouable finit après RF07 (src/MAPINFO:216) ; RF03 et RF08-RF23 sont des blockouts V1 sans contenu de récit (textures génériques, monstres Freedoom, aucun champ user_scene dans leurs TEXTMAP) ; src/LANGUAGE n'a de textes que pour RF01-RF07.","Le matelas 117 humide, chauffé, sa couture de 20 cm.",
EL083,"Couple, lac et grenade",Vidéos domestiques,P2,U05,ABSENT,"Cherché « LAKE DAY », « graines », « grenade » dans src/LANGUAGE, src/MAPINFO, src/zscript/rf/*.zs, scripts/mapkit/rf0x.py : aucune occurrence qui s'y rapporte. Lieu : CAN-004 non commencée (CANON_FIDELITE.md:70) ; « grenade » n'apparaît que dans le titre du jeu. Séquence postérieure à RF07 : la campagne jouable finit après RF07 (src/MAPINFO:216) ; RF03 et RF08-RF23 sont des blockouts V1 sans contenu de récit (textures génériques, monstres Freedoom, aucun champ user_scene dans leurs TEXTMAP) ; src/LANGUAGE n'a de textes que pour RF01-RF07.","Les vidéos du couple : le lac, la grenade, la fatigue.",
EL084,Fabrication TV de la peur,Waukegan,P2,U05,ABSENT,"Cherché « SATAN », « studio » dans src/LANGUAGE, src/MAPINFO, src/zscript/rf/*.zs, scripts/mapkit/rf0x.py : aucune occurrence qui s'y rapporte. Lieu : RF16 = blockout V1 ; CAN-013 (CANON_FIDELITE.md:84). Séquence postérieure à RF07 : la campagne jouable finit après RF07 (src/MAPINFO:216) ; RF03 et RF08-RF23 sont des blockouts V1 sans contenu de récit (textures génériques, monstres Freedoom, aucun champ user_scene dans leurs TEXTMAP) ; src/LANGUAGE n'a de textes que pour RF01-RF07.",La fabrication télévisée de la peur.,
EL085,Local de pointage sec,Waukegan,P1,U05,ABSENT,"Cherché « local de pointage », « casier » dans src/LANGUAGE, src/MAPINFO, src/zscript/rf/*.zs, scripts/mapkit/rf0x.py : aucune occurrence qui s'y rapporte. Lieu : RF15-RF16 = blockouts V1 ; la seule pointeuse du build est celle de RF04. Séquence postérieure à RF07 : la campagne jouable finit après RF07 (src/MAPINFO:216) ; RF03 et RF08-RF23 sont des blockouts V1 sans contenu de récit (textures génériques, monstres Freedoom, aucun champ user_scene dans leurs TEXTMAP) ; src/LANGUAGE n'a de textes que pour RF01-RF07.","Le local de pointage sec derrière le stockage (horloge, chaises, casiers).",
EL086,Train des refus et Pont-Saint-Esprit,Vision,P2,U03,ABSENT,"Cherché « Pont-Saint-Esprit », « train des refus » dans src/LANGUAGE, src/MAPINFO, src/zscript/rf/*.zs, scripts/mapkit/rf0x.py : aucune occurrence qui s'y rapporte. Lieu : RF03/RF19 = blockouts V1 ; CAN-010 (CANON_FIDELITE.md:81). Séquence postérieure à RF07 : la campagne jouable finit après RF07 (src/MAPINFO:216) ; RF03 et RF08-RF23 sont des blockouts V1 sans contenu de récit (textures génériques, monstres Freedoom, aucun champ user_scene dans leurs TEXTMAP) ; src/LANGUAGE n'a de textes que pour RF01-RF07.","Le train des refus, Pont-Saint-Esprit.",
EL087,Salle basse et isolants stratifiés,Waukegan,P1,U05,ABSENT,"Cherché « isolant », « liège », « salle basse » dans src/LANGUAGE, src/MAPINFO, src/zscript/rf/*.zs, scripts/mapkit/rf0x.py : aucune occurrence qui s'y rapporte. Lieu : RF14-RF15 = blockouts V1. Séquence postérieure à RF07 : la campagne jouable finit après RF07 (src/MAPINFO:216) ; RF03 et RF08-RF23 sont des blockouts V1 sans contenu de récit (textures génériques, monstres Freedoom, aucun champ user_scene dans leurs TEXTMAP) ; src/LANGUAGE n'a de textes que pour RF01-RF07.",La salle basse et ses isolants stratifiés.,
EL088,"Scellé, reçu et départ",Waukegan/aéroport,P2,U05,ABSENT,"Cherché « scellé », « aéroport » dans src/LANGUAGE, src/MAPINFO, src/zscript/rf/*.zs, scripts/mapkit/rf0x.py : aucune occurrence qui s'y rapporte. Lieu : RF13-RF16 = blockouts V1. Séquence postérieure à RF07 : la campagne jouable finit après RF07 (src/MAPINFO:216) ; RF03 et RF08-RF23 sont des blockouts V1 sans contenu de récit (textures génériques, monstres Freedoom, aucun champ user_scene dans leurs TEXTMAP) ; src/LANGUAGE n'a de textes que pour RF01-RF07.","Le scellé, le reçu, le départ à l'aéroport.",
EL089,Hôtel118 et échographie,Paris contemporain,P2,U07,ABSENT,"Cherché « échographie », « Hôtel 118 » dans src/LANGUAGE, src/MAPINFO, src/zscript/rf/*.zs, scripts/mapkit/rf0x.py : aucune occurrence qui s'y rapporte. Lieu : aucune carte produite pour Paris 2026 (CANON_FIDELITE.md:51). Séquence postérieure à RF07 : la campagne jouable finit après RF07 (src/MAPINFO:216) ; RF03 et RF08-RF23 sont des blockouts V1 sans contenu de récit (textures génériques, monstres Freedoom, aucun champ user_scene dans leurs TEXTMAP) ; src/LANGUAGE n'a de textes que pour RF01-RF07.",L'hôtel 118 et l'échographie.,
EL090,Générations et quasi-doublons,Galerie,P2,U01,ABSENT,"Cherché « doublon », « générations » dans src/LANGUAGE, src/MAPINFO, src/zscript/rf/*.zs, scripts/mapkit/rf0x.py : aucune occurrence qui s'y rapporte. Lieu : aucune carte attribuée. Séquence postérieure à RF07 : la campagne jouable finit après RF07 (src/MAPINFO:216) ; RF03 et RF08-RF23 sont des blockouts V1 sans contenu de récit (textures génériques, monstres Freedoom, aucun champ user_scene dans leurs TEXTMAP) ; src/LANGUAGE n'a de textes que pour RF01-RF07.",Les générations et quasi-doublons de la galerie.,
EL091,Samira et chaussure-cale,Hôtel contemporain,P2,U07,ABSENT,"Cherché « Samira », « chariot » dans src/LANGUAGE, src/MAPINFO, src/zscript/rf/*.zs, scripts/mapkit/rf0x.py : aucune occurrence qui s'y rapporte. Lieu : aucune carte attribuée. Séquence postérieure à RF07 : la campagne jouable finit après RF07 (src/MAPINFO:216) ; RF03 et RF08-RF23 sont des blockouts V1 sans contenu de récit (textures génériques, monstres Freedoom, aucun champ user_scene dans leurs TEXTMAP) ; src/LANGUAGE n'a de textes que pour RF01-RF07.","Samira, le chariot, la chaussure-cale.",
EL092,KhianSea et Mobro distincts,Archives/exposition,P2,U05,ABSENT,"Cherché « Khian », « Mobro », « Felicia », « Pelicano » dans src/LANGUAGE, src/MAPINFO, src/zscript/rf/*.zs, scripts/mapkit/rf0x.py : aucune occurrence qui s'y rapporte. Lieu : CAN-012 (CANON_FIDELITE.md:83) ; RF15/RF18/RF21 = blockouts V1. Séquence postérieure à RF07 : la campagne jouable finit après RF07 (src/MAPINFO:216) ; RF03 et RF08-RF23 sont des blockouts V1 sans contenu de récit (textures génériques, monstres Freedoom, aucun champ user_scene dans leurs TEXTMAP) ; src/LANGUAGE n'a de textes que pour RF01-RF07.","Khian Sea et Mobro, routes et documents distincts.",
EL093,Capture incomplète et destruction,Conservation,P1,U06,ABSENT,"Cherché « capture », « paires audio » dans src/LANGUAGE, src/MAPINFO, src/zscript/rf/*.zs, scripts/mapkit/rf0x.py : aucune occurrence qui s'y rapporte. Lieu : RF17 « Conservation provisoire » = blockout V1. Séquence postérieure à RF07 : la campagne jouable finit après RF07 (src/MAPINFO:216) ; RF03 et RF08-RF23 sont des blockouts V1 sans contenu de récit (textures génériques, monstres Freedoom, aucun champ user_scene dans leurs TEXTMAP) ; src/LANGUAGE n'a de textes que pour RF01-RF07.",La capture incomplète et la destruction.,
EL094,RééditionTshirt et registres1940,Archives/ville,P2,U07,ABSENT,"Cherché « T-shirt », « GARBAGE BARGE », « réédition » dans src/LANGUAGE, src/MAPINFO, src/zscript/rf/*.zs, scripts/mapkit/rf0x.py : aucune occurrence qui s'y rapporte. Lieu : CAN-012 (CANON_FIDELITE.md:83) ; RF18 = blockout V1. Séquence postérieure à RF07 : la campagne jouable finit après RF07 (src/MAPINFO:216) ; RF03 et RF08-RF23 sont des blockouts V1 sans contenu de récit (textures génériques, monstres Freedoom, aucun champ user_scene dans leurs TEXTMAP) ; src/LANGUAGE n'a de textes que pour RF01-RF07.",Le T-shirt réédité et les registres de 1940 aux archives.,
EL095,Elvis aide puis pose limites,Retour,P1,F01,ABSENT,"Cherché « Elvis » dans src/LANGUAGE, src/MAPINFO, src/zscript/rf/*.zs, scripts/mapkit/rf0x.py : aucune occurrence qui s'y rapporte. Lieu : Elvis n'existe que dans RF07, en silhouette provisoire (voir EL050) ; la scène du retour n'a pas de carte. Séquence postérieure à RF07 : la campagne jouable finit après RF07 (src/MAPINFO:216) ; RF03 et RF08-RF23 sont des blockouts V1 sans contenu de récit (textures génériques, monstres Freedoom, aucun champ user_scene dans leurs TEXTMAP) ; src/LANGUAGE n'a de textes que pour RF01-RF07.","Elvis qui aide puis pose ses limites (téléphone, bagages, choix).",
EL096,DépôtOuest et paillasse fumante,Luna/Dépôt,P2,U04,ABSENT,"Cherché « Dépôt Ouest », « paillasse » dans src/LANGUAGE, src/MAPINFO, src/zscript/rf/*.zs, scripts/mapkit/rf0x.py : aucune occurrence qui s'y rapporte. Lieu : fil de juin 1940 du second Luna Park : absent (RF04_FICHE.md:93-94) ; RF17/RF19 = blockouts V1. Séquence postérieure à RF07 : la campagne jouable finit après RF07 (src/MAPINFO:216) ; RF03 et RF08-RF23 sont des blockouts V1 sans contenu de récit (textures génériques, monstres Freedoom, aucun champ user_scene dans leurs TEXTMAP) ; src/LANGUAGE n'a de textes que pour RF01-RF07.",Le Dépôt Ouest et la paillasse fumante.,
EL097,ROOMS/FLOW/FINAL réexaminés,Lausanne,P1,U08,ABSENT,"Cherché « Lausanne », « supprimé » dans src/LANGUAGE, src/MAPINFO, src/zscript/rf/*.zs, scripts/mapkit/rf0x.py : aucune occurrence qui s'y rapporte. Lieu : aucune carte produite pour Lausanne (CANON_FIDELITE.md:52). Séquence postérieure à RF07 : la campagne jouable finit après RF07 (src/MAPINFO:216) ; RF03 et RF08-RF23 sont des blockouts V1 sans contenu de récit (textures génériques, monstres Freedoom, aucun champ user_scene dans leurs TEXTMAP) ; src/LANGUAGE n'a de textes que pour RF01-RF07.",ROOMS/FLOW/FINAL réexaminés : fichiers actifs et supprimés.,
EL098,MHE/AV27/04-JERMA physique,WKG,P2,U05,ABSENT,"Cherché « MHE », « AV27 », « 04-JERMA » dans src/LANGUAGE, src/MAPINFO, src/zscript/rf/*.zs, scripts/mapkit/rf0x.py : aucune occurrence qui s'y rapporte. Lieu : RF14-RF16 = blockouts V1. Séquence postérieure à RF07 : la campagne jouable finit après RF07 (src/MAPINFO:216) ; RF03 et RF08-RF23 sont des blockouts V1 sans contenu de récit (textures génériques, monstres Freedoom, aucun champ user_scene dans leurs TEXTMAP) ; src/LANGUAGE n'a de textes que pour RF01-RF07.",Les étiquettes MHE / AV27 / 04-JERMA sur la caisse.,
EL099,Gaine de linge et fermeture,WKG/plansJerma,P1,J03,ABSENT,"Cherché « gaine », « linge » dans src/LANGUAGE, src/MAPINFO, src/zscript/rf/*.zs, scripts/mapkit/rf0x.py : aucune occurrence qui s'y rapporte. Lieu : aucun plan du Jerma dans le build (RF10-RF11 = blockouts V1). Séquence postérieure à RF07 : la campagne jouable finit après RF07 (src/MAPINFO:216) ; RF03 et RF08-RF23 sont des blockouts V1 sans contenu de récit (textures génériques, monstres Freedoom, aucun champ user_scene dans leurs TEXTMAP) ; src/LANGUAGE n'a de textes que pour RF01-RF07.","La gaine de linge et sa fermeture, relues sur les plans.",
EL100,DateStamp INVALID/REJECTED,Atelier/vision,P2,U08,ABSENT,"Cherché « DateStamp », « INVALID », « REJECTED » dans src/LANGUAGE, src/MAPINFO, src/zscript/rf/*.zs, scripts/mapkit/rf0x.py : aucune occurrence qui s'y rapporte. Lieu : aucune carte attribuée ; aucun écran d'Amiga dans le build. Séquence postérieure à RF07 : la campagne jouable finit après RF07 (src/MAPINFO:216) ; RF03 et RF08-RF23 sont des blockouts V1 sans contenu de récit (textures génériques, monstres Freedoom, aucun champ user_scene dans leurs TEXTMAP) ; src/LANGUAGE n'a de textes que pour RF01-RF07.",Le DateStamp INVALID / REJECTED.,
EL101,Exposition RefusalDesk,École/exposition,P2,U05,ABSENT,"Cherché « Refusal », « maquette » dans src/LANGUAGE, src/MAPINFO, src/zscript/rf/*.zs, scripts/mapkit/rf0x.py : aucune occurrence qui s'y rapporte. Lieu : aucune carte attribuée. Séquence postérieure à RF07 : la campagne jouable finit après RF07 (src/MAPINFO:216) ; RF03 et RF08-RF23 sont des blockouts V1 sans contenu de récit (textures génériques, monstres Freedoom, aucun champ user_scene dans leurs TEXTMAP) ; src/LANGUAGE n'a de textes que pour RF01-RF07.","L'exposition RefusalDesk : maquette, timbre NO, panneaux.",
EL102,Remorque et deux moteurs,Conservation,P1,U06,ABSENT,"Cherché « remorque », « trailer » dans src/LANGUAGE, src/MAPINFO, src/zscript/rf/*.zs, scripts/mapkit/rf0x.py : aucune occurrence qui s'y rapporte. Lieu : RF17/RF19 = blockouts V1. Séquence postérieure à RF07 : la campagne jouable finit après RF07 (src/MAPINFO:216) ; RF03 et RF08-RF23 sont des blockouts V1 sans contenu de récit (textures génériques, monstres Freedoom, aucun champ user_scene dans leurs TEXTMAP) ; src/LANGUAGE n'a de textes que pour RF01-RF07.",La remorque et ses deux moteurs.,
EL103,Chart recorder rouge,Remorque,P1,U06,ABSENT,"Cherché « chart recorder », « stylet » dans src/LANGUAGE, src/MAPINFO, src/zscript/rf/*.zs, scripts/mapkit/rf0x.py : aucune occurrence qui s'y rapporte. Lieu : RF19 « La chaîne froide » = blockout V1. Séquence postérieure à RF07 : la campagne jouable finit après RF07 (src/MAPINFO:216) ; RF03 et RF08-RF23 sont des blockouts V1 sans contenu de récit (textures génériques, monstres Freedoom, aucun champ user_scene dans leurs TEXTMAP) ; src/LANGUAGE n'a de textes que pour RF01-RF07.",L'enregistreur à disque et son tracé rouge.,
EL104,Panne par caches aspirés et soinVial,Remorque/visionLuna,P2,U06,ABSENT,"Cherché « reprise d », « bassine », « Vial » dans src/LANGUAGE, src/MAPINFO, src/zscript/rf/*.zs, scripts/mapkit/rf0x.py : aucune occurrence qui s'y rapporte. Lieu : RF19 = blockout V1. Séquence postérieure à RF07 : la campagne jouable finit après RF07 (src/MAPINFO:216) ; RF03 et RF08-RF23 sont des blockouts V1 sans contenu de récit (textures génériques, monstres Freedoom, aucun champ user_scene dans leurs TEXTMAP) ; src/LANGUAGE n'a de textes que pour RF01-RF07.",La panne par caches aspirés et le soin de Vial.,
EL105,8192images détruites et imprimés,Lausanne/Luna,P2,U08,ABSENT,"Cherché « 8192 », « 8 192 », « broyage » dans src/LANGUAGE, src/MAPINFO, src/zscript/rf/*.zs, scripts/mapkit/rf0x.py : aucune occurrence qui s'y rapporte. Lieu : aucune carte produite pour Lausanne. Séquence postérieure à RF07 : la campagne jouable finit après RF07 (src/MAPINFO:216) ; RF03 et RF08-RF23 sont des blockouts V1 sans contenu de récit (textures génériques, monstres Freedoom, aucun champ user_scene dans leurs TEXTMAP) ; src/LANGUAGE n'a de textes que pour RF01-RF07.",Les 8 192 images détruites et les imprimés.,
EL106,"Marlon, coffre et Elvis autonome",Malte,P1,U09,ABSENT,"Cherché « Marlon », « coffre » dans src/LANGUAGE, src/MAPINFO, src/zscript/rf/*.zs, scripts/mapkit/rf0x.py : aucune occurrence qui s'y rapporte. Lieu : aucune carte produite pour Malte après le Jerma (CANON_FIDELITE.md:53). Séquence postérieure à RF07 : la campagne jouable finit après RF07 (src/MAPINFO:216) ; RF03 et RF08-RF23 sont des blockouts V1 sans contenu de récit (textures génériques, monstres Freedoom, aucun champ user_scene dans leurs TEXTMAP) ; src/LANGUAGE n'a de textes que pour RF01-RF07.","Marlon, le coffre, Elvis autonome.",
EL107,Convoyeur d'effets et ficelles,Luna réquisitionné,P1,U04,ABSENT,"Cherché « convoyeur », « malles » dans src/LANGUAGE, src/MAPINFO, src/zscript/rf/*.zs, scripts/mapkit/rf0x.py : aucune occurrence qui s'y rapporte. Lieu : CAN-019 (CANON_FIDELITE.md:87) : fil du parc réquisitionné, absent de RF04/RF05 (RF04_FICHE.md:93-94). Séquence postérieure à RF07 : la campagne jouable finit après RF07 (src/MAPINFO:216) ; RF03 et RF08-RF23 sont des blockouts V1 sans contenu de récit (textures génériques, monstres Freedoom, aucun champ user_scene dans leurs TEXTMAP) ; src/LANGUAGE n'a de textes que pour RF01-RF07.",Le convoyeur d'effets et ses ficelles.,
EL108,RépliqueMobro au torse absent,Musée,P2,U05,ABSENT,"Cherché « réplique », « Mobro » dans src/LANGUAGE, src/MAPINFO, src/zscript/rf/*.zs, scripts/mapkit/rf0x.py : aucune occurrence qui s'y rapporte. Lieu : aucune carte attribuée ; CAN-012 (CANON_FIDELITE.md:83). Séquence postérieure à RF07 : la campagne jouable finit après RF07 (src/MAPINFO:216) ; RF03 et RF08-RF23 sont des blockouts V1 sans contenu de récit (textures génériques, monstres Freedoom, aucun champ user_scene dans leurs TEXTMAP) ; src/LANGUAGE n'a de textes que pour RF01-RF07.",La réplique Mobro au torse absent.,
EL109,Transfert froid et surconditionnement,Lakeshore,P1,U06,ABSENT,"Cherché « Lakeshore », « surconditionnement », « sangle » dans src/LANGUAGE, src/MAPINFO, src/zscript/rf/*.zs, scripts/mapkit/rf0x.py : aucune occurrence qui s'y rapporte. Lieu : RF17 = blockout V1 ; CAN-015 (CANON_FIDELITE.md:86). Séquence postérieure à RF07 : la campagne jouable finit après RF07 (src/MAPINFO:216) ; RF03 et RF08-RF23 sont des blockouts V1 sans contenu de récit (textures génériques, monstres Freedoom, aucun champ user_scene dans leurs TEXTMAP) ; src/LANGUAGE n'a de textes que pour RF01-RF07.",Le transfert froid et le surconditionnement.,
EL110,Plans RETURN AIR/CHECK DAMPER,Jerma documentaire,P1,J03,ABSENT,"Cherché « RETURN AIR », « CHECK DAMPER » dans src/LANGUAGE, src/MAPINFO, src/zscript/rf/*.zs, scripts/mapkit/rf0x.py : aucune occurrence qui s'y rapporte. Lieu : aucun plan du Jerma dans le build. Séquence postérieure à RF07 : la campagne jouable finit après RF07 (src/MAPINFO:216) ; RF03 et RF08-RF23 sont des blockouts V1 sans contenu de récit (textures génériques, monstres Freedoom, aucun champ user_scene dans leurs TEXTMAP) ; src/LANGUAGE n'a de textes que pour RF01-RF07.",Les plans RETURN AIR / CHECK DAMPER.,
EL111,C-4 double label et rotation,Lakeshore,P1,U06,ABSENT,"Cherché « C-4 », « cassette », « VHS » dans src/LANGUAGE, src/MAPINFO, src/zscript/rf/*.zs, scripts/mapkit/rf0x.py : aucune occurrence qui s'y rapporte. Lieu : RF17 = blockout V1 ; CAN-015 (CANON_FIDELITE.md:86). Séquence postérieure à RF07 : la campagne jouable finit après RF07 (src/MAPINFO:216) ; RF03 et RF08-RF23 sont des blockouts V1 sans contenu de récit (textures génériques, monstres Freedoom, aucun champ user_scene dans leurs TEXTMAP) ; src/LANGUAGE n'a de textes que pour RF01-RF07.","La cassette C-4, son double label, sa rotation.",
EL112,Brassard T.D. et toile rapiécée,Luna réquisitionné,P1,U04,ABSENT,"Cherché « brassard », « T.D. » dans src/LANGUAGE, src/MAPINFO, src/zscript/rf/*.zs, scripts/mapkit/rf0x.py : aucune occurrence qui s'y rapporte. Lieu : CAN-019 (CANON_FIDELITE.md:87), absent de RF04/RF05 (RF04_FICHE.md:93-94). Séquence postérieure à RF07 : la campagne jouable finit après RF07 (src/MAPINFO:216) ; RF03 et RF08-RF23 sont des blockouts V1 sans contenu de récit (textures génériques, monstres Freedoom, aucun champ user_scene dans leurs TEXTMAP) ; src/LANGUAGE n'a de textes que pour RF01-RF07.",Le brassard T.D. et la toile rapiécée.,
EL113,Échographie et carton RETURNS,Clinique/Malte,P2,U07,ABSENT,"Cherché « échographie », « RETURNS » dans src/LANGUAGE, src/MAPINFO, src/zscript/rf/*.zs, scripts/mapkit/rf0x.py : aucune occurrence qui s'y rapporte. Lieu : aucune carte attribuée. Séquence postérieure à RF07 : la campagne jouable finit après RF07 (src/MAPINFO:216) ; RF03 et RF08-RF23 sont des blockouts V1 sans contenu de récit (textures génériques, monstres Freedoom, aucun champ user_scene dans leurs TEXTMAP) ; src/LANGUAGE n'a de textes que pour RF01-RF07.",L'échographie et le carton RETURNS.,
EL114,Meridian6427 et clés provisoires,Malte/Luna,P2,U09,ABSENT,"Cherché « Meridian », « 6427 » dans src/LANGUAGE, src/MAPINFO, src/zscript/rf/*.zs, scripts/mapkit/rf0x.py : aucune occurrence qui s'y rapporte. Lieu : aucune carte attribuée ; CAN-015 (CANON_FIDELITE.md:86). Séquence postérieure à RF07 : la campagne jouable finit après RF07 (src/MAPINFO:216) ; RF03 et RF08-RF23 sont des blockouts V1 sans contenu de récit (textures génériques, monstres Freedoom, aucun champ user_scene dans leurs TEXTMAP) ; src/LANGUAGE n'a de textes que pour RF01-RF07.",Meridian 6427 et les clés provisoires.,
EL115,Réserve confiserie et fourmis,Luna réquisitionné,P2,U04,ABSENT,"Cherché « confiserie », « fourmi » dans src/LANGUAGE, src/MAPINFO, src/zscript/rf/*.zs, scripts/mapkit/rf0x.py : aucune occurrence qui s'y rapporte. Lieu : CAN-019 (CANON_FIDELITE.md:87), absent de RF04/RF05. Séquence postérieure à RF07 : la campagne jouable finit après RF07 (src/MAPINFO:216) ; RF03 et RF08-RF23 sont des blockouts V1 sans contenu de récit (textures génériques, monstres Freedoom, aucun champ user_scene dans leurs TEXTMAP) ; src/LANGUAGE n'a de textes que pour RF01-RF07.",La réserve de confiserie et les fourmis.,
EL116,C-4 ouverture et écaille,Lakeshore,P1,U06,ABSENT,"Cherché « C-4 », « écaille » dans src/LANGUAGE, src/MAPINFO, src/zscript/rf/*.zs, scripts/mapkit/rf0x.py : aucune occurrence qui s'y rapporte. Lieu : RF17 = blockout V1 ; CAN-015. Séquence postérieure à RF07 : la campagne jouable finit après RF07 (src/MAPINFO:216) ; RF03 et RF08-RF23 sont des blockouts V1 sans contenu de récit (textures génériques, monstres Freedoom, aucun champ user_scene dans leurs TEXTMAP) ; src/LANGUAGE n'a de textes que pour RF01-RF07.",L'ouverture de la coque C-4 et l'écaille.,
EL117,Femme sans restitution et ville recouverte,Luna/Paris,P2,U04,ABSENT,"Cherché « restitution », « autocollant » dans src/LANGUAGE, src/MAPINFO, src/zscript/rf/*.zs, scripts/mapkit/rf0x.py : aucune occurrence qui s'y rapporte. Lieu : CAN-019, absent de RF04/RF05. Séquence postérieure à RF07 : la campagne jouable finit après RF07 (src/MAPINFO:216) ; RF03 et RF08-RF23 sont des blockouts V1 sans contenu de récit (textures génériques, monstres Freedoom, aucun champ user_scene dans leurs TEXTMAP) ; src/LANGUAGE n'a de textes que pour RF01-RF07.","La femme sans restitution, la ville recouverte.",
EL118,Carton par couches et genlockGV-047391,Malte,P1,U09,ABSENT,"Cherché « genlock », « GV-047391 » dans src/LANGUAGE, src/MAPINFO, src/zscript/rf/*.zs, scripts/mapkit/rf0x.py : aucune occurrence qui s'y rapporte. Lieu : aucune carte attribuée ; CAN-014 (CANON_FIDELITE.md:85). Séquence postérieure à RF07 : la campagne jouable finit après RF07 (src/MAPINFO:216) ; RF03 et RF08-RF23 sont des blockouts V1 sans contenu de récit (textures génériques, monstres Freedoom, aucun champ user_scene dans leurs TEXTMAP) ; src/LANGUAGE n'a de textes que pour RF01-RF07.",Le carton par couches et le genlock GV-047391.,
EL119,Deux valisesM.B. et registre dépliable,Luna,P2,U04,ABSENT,"Cherché « M.B. », « ruban vert » dans src/LANGUAGE, src/MAPINFO, src/zscript/rf/*.zs, scripts/mapkit/rf0x.py : aucune occurrence qui s'y rapporte. Lieu : CAN-019, absent de RF04/RF05. Séquence postérieure à RF07 : la campagne jouable finit après RF07 (src/MAPINFO:216) ; RF03 et RF08-RF23 sont des blockouts V1 sans contenu de récit (textures génériques, monstres Freedoom, aucun champ user_scene dans leurs TEXTMAP) ; src/LANGUAGE n'a de textes que pour RF01-RF07.",Les deux valises M.B. et le registre dépliable.,
EL120,AntonGalea et coulisses hôtel,Jerma documentaire,P1,J01,ABSENT,"Cherché « Galea », « navette » dans src/LANGUAGE, src/MAPINFO, src/zscript/rf/*.zs, scripts/mapkit/rf0x.py : aucune occurrence qui s'y rapporte. Lieu : aucune carte attribuée. Séquence postérieure à RF07 : la campagne jouable finit après RF07 (src/MAPINFO:216) ; RF03 et RF08-RF23 sont des blockouts V1 sans contenu de récit (textures génériques, monstres Freedoom, aucun champ user_scene dans leurs TEXTMAP) ; src/LANGUAGE n'a de textes que pour RF01-RF07.",Le témoignage d'Anton Galea sur les coulisses de l'hôtel.,
EL121,C-4 séparé A/B/C,Lakeshore,P1,U06,ABSENT,"Cherché « C-4 », « fragment » dans src/LANGUAGE, src/MAPINFO, src/zscript/rf/*.zs, scripts/mapkit/rf0x.py : aucune occurrence qui s'y rapporte. Lieu : RF17 = blockout V1 ; CAN-015. Séquence postérieure à RF07 : la campagne jouable finit après RF07 (src/MAPINFO:216) ; RF03 et RF08-RF23 sont des blockouts V1 sans contenu de récit (textures génériques, monstres Freedoom, aucun champ user_scene dans leurs TEXTMAP) ; src/LANGUAGE n'a de textes que pour RF01-RF07.","C-4 séparé en A, B, C.",
EL122,Fausse carte maritime/Numogram,Dérivés/exposition,P2,U05,ABSENT,"Cherché « Numogram », « carte maritime » dans src/LANGUAGE, src/MAPINFO, src/zscript/rf/*.zs, scripts/mapkit/rf0x.py : aucune occurrence qui s'y rapporte. Lieu : aucune carte attribuée. Séquence postérieure à RF07 : la campagne jouable finit après RF07 (src/MAPINFO:216) ; RF03 et RF08-RF23 sont des blockouts V1 sans contenu de récit (textures génériques, monstres Freedoom, aucun champ user_scene dans leurs TEXTMAP) ; src/LANGUAGE n'a de textes que pour RF01-RF07.","La fausse carte maritime / Numogram, montrée comme fausse.",
EL123,Flux hôtel et chauffeur avec clé,Jerma documentaire,P1,J01,ABSENT,"Cherché « chauffeur », « flux » dans src/LANGUAGE, src/MAPINFO, src/zscript/rf/*.zs, scripts/mapkit/rf0x.py : aucune occurrence qui s'y rapporte. Lieu : aucun plan ni témoignage du Jerma dans le build. Séquence postérieure à RF07 : la campagne jouable finit après RF07 (src/MAPINFO:216) ; RF03 et RF08-RF23 sont des blockouts V1 sans contenu de récit (textures génériques, monstres Freedoom, aucun champ user_scene dans leurs TEXTMAP) ; src/LANGUAGE n'a de textes que pour RF01-RF07.","Les flux de l'hôtel, le chauffeur avec sa clé.",
EL124,Morrow réceptionB/C,Conservation,P2,U06,ABSENT,"Cherché « Morrow », « receipt » dans src/LANGUAGE, src/MAPINFO, src/zscript/rf/*.zs, scripts/mapkit/rf0x.py : aucune occurrence qui s'y rapporte. Lieu : RF17 = blockout V1 ; CAN-015. Séquence postérieure à RF07 : la campagne jouable finit après RF07 (src/MAPINFO:216) ; RF03 et RF08-RF23 sont des blockouts V1 sans contenu de récit (textures génériques, monstres Freedoom, aucun champ user_scene dans leurs TEXTMAP) ; src/LANGUAGE n'a de textes que pour RF01-RF07.",La réception de B et C chez Morrow.,
EL125,DestructionA sans lecture,Conservation,P2,U06,ABSENT,"Cherché « trémie », « certificat » dans src/LANGUAGE, src/MAPINFO, src/zscript/rf/*.zs, scripts/mapkit/rf0x.py : aucune occurrence qui s'y rapporte. Lieu : RF17 = blockout V1 ; CAN-015. Séquence postérieure à RF07 : la campagne jouable finit après RF07 (src/MAPINFO:216) ; RF03 et RF08-RF23 sont des blockouts V1 sans contenu de récit (textures génériques, monstres Freedoom, aucun champ user_scene dans leurs TEXTMAP) ; src/LANGUAGE n'a de textes que pour RF01-RF07.","La destruction de A sans lecture, le certificat.",
EL126,CCRU recto et Vella verso,Documents,P2,J03,ABSENT,"Cherché « CCRU », « Vella » dans src/LANGUAGE, src/MAPINFO, src/zscript/rf/*.zs, scripts/mapkit/rf0x.py : aucune occurrence qui s'y rapporte. Lieu : aucune carte attribuée ; CAN-014. Séquence postérieure à RF07 : la campagne jouable finit après RF07 (src/MAPINFO:216) ; RF03 et RF08-RF23 sont des blockouts V1 sans contenu de récit (textures génériques, monstres Freedoom, aucun champ user_scene dans leurs TEXTMAP) ; src/LANGUAGE n'a de textes que pour RF01-RF07.","La photocopie CCRU au recto, les calculs de Vella au verso.",
EL127,Disquette familiale noire,Atelier,P2,U08,ABSENT,"Cherché « disquette », « hash » dans src/LANGUAGE, src/MAPINFO, src/zscript/rf/*.zs, scripts/mapkit/rf0x.py : aucune occurrence qui s'y rapporte. Lieu : aucune carte attribuée ; la seule disquette du roman attendue en jeu (CAN-001) n'est pas commencée. Séquence postérieure à RF07 : la campagne jouable finit après RF07 (src/MAPINFO:216) ; RF03 et RF08-RF23 sont des blockouts V1 sans contenu de récit (textures génériques, monstres Freedoom, aucun champ user_scene dans leurs TEXTMAP) ; src/LANGUAGE n'a de textes que pour RF01-RF07.",La disquette familiale noire.,
EL128,"14unités, deuxissues et sprinklerpartagé",LakefrontWorks,P2,U05,ABSENT,"Cherché « sprinkler », « Lakefront » dans src/LANGUAGE, src/MAPINFO, src/zscript/rf/*.zs, scripts/mapkit/rf0x.py : aucune occurrence qui s'y rapporte. Lieu : aucune carte attribuée. Séquence postérieure à RF07 : la campagne jouable finit après RF07 (src/MAPINFO:216) ; RF03 et RF08-RF23 sont des blockouts V1 sans contenu de récit (textures génériques, monstres Freedoom, aucun champ user_scene dans leurs TEXTMAP) ; src/LANGUAGE n'a de textes que pour RF01-RF07.","Les 14 unités, les deux issues, le sprinkler partagé.",
EL129,Arrêt informatique et copie survivante,Informatique,P1,U10,ABSENT,"Cherché « décommission », « SQL », « VERIFY RESTORE » dans src/LANGUAGE, src/MAPINFO, src/zscript/rf/*.zs, scripts/mapkit/rf0x.py : aucune occurrence qui s'y rapporte. Lieu : RF20 « Copie de secours » = blockout V1 (CANON_FIDELITE.md:54). Séquence postérieure à RF07 : la campagne jouable finit après RF07 (src/MAPINFO:216) ; RF03 et RF08-RF23 sont des blockouts V1 sans contenu de récit (textures génériques, monstres Freedoom, aucun champ user_scene dans leurs TEXTMAP) ; src/LANGUAGE n'a de textes que pour RF01-RF07.",L'arrêt informatique et la copie survivante.,
EL130,Fruit vers déchet et camionmunicipal,Luna/contemporain,P2,U04,ABSENT,"Cherché « camion municipal », « déchet » dans src/LANGUAGE, src/MAPINFO, src/zscript/rf/*.zs, scripts/mapkit/rf0x.py : aucune occurrence qui s'y rapporte. Lieu : CAN-019, absent de RF04/RF05. Séquence postérieure à RF07 : la campagne jouable finit après RF07 (src/MAPINFO:216) ; RF03 et RF08-RF23 sont des blockouts V1 sans contenu de récit (textures génériques, monstres Freedoom, aucun champ user_scene dans leurs TEXTMAP) ; src/LANGUAGE n'a de textes que pour RF01-RF07.","Le fruit devenu déchet, le camion municipal.",
EL131,"Mark plie, Lena demande arrêt",Vidéo2007,P1,U05,ABSENT,"Cherché « Mark », « Lena » dans src/LANGUAGE, src/MAPINFO, src/zscript/rf/*.zs, scripts/mapkit/rf0x.py : aucune occurrence qui s'y rapporte. Lieu : CAN-004 non commencée (CANON_FIDELITE.md:70) ; le couple du miroir de RF05 n'est qu'un texte (EL043). Séquence postérieure à RF07 : la campagne jouable finit après RF07 (src/MAPINFO:216) ; RF03 et RF08-RF23 sont des blockouts V1 sans contenu de récit (textures génériques, monstres Freedoom, aucun champ user_scene dans leurs TEXTMAP) ; src/LANGUAGE n'a de textes que pour RF01-RF07.","La vidéo de 2007 : Mark plie, Lena demande l'arrêt.",
EL132,OUT/FIREXIT/COLDROOM/POM6,Atelier/plansJerma,P1,J03,ABSENT,"Cherché « FIREXIT », « COLDROOM », « POM6 » dans src/LANGUAGE, src/MAPINFO, src/zscript/rf/*.zs, scripts/mapkit/rf0x.py : aucune occurrence qui s'y rapporte. Lieu : aucune carte attribuée ; CAN-014. Séquence postérieure à RF07 : la campagne jouable finit après RF07 (src/MAPINFO:216) ; RF03 et RF08-RF23 sont des blockouts V1 sans contenu de récit (textures génériques, monstres Freedoom, aucun champ user_scene dans leurs TEXTMAP) ; src/LANGUAGE n'a de textes que pour RF01-RF07.",Le tableau OUT / FIREXIT / COLDROOM / POM6.,
EL133,Elvis et matelas froid en retour,Jerma souvenir,P2,J02,ABSENT,"Cherché « matelas froid », « mousse froide » dans src/LANGUAGE, src/MAPINFO, src/zscript/rf/*.zs, scripts/mapkit/rf0x.py : aucune occurrence qui s'y rapporte. Lieu : RF08-RF12 = blockouts V1 ; aucun matelas du Jerma dans le build (EL053). Séquence postérieure à RF07 : la campagne jouable finit après RF07 (src/MAPINFO:216) ; RF03 et RF08-RF23 sont des blockouts V1 sans contenu de récit (textures génériques, monstres Freedoom, aucun champ user_scene dans leurs TEXTMAP) ; src/LANGUAGE n'a de textes que pour RF01-RF07.","Elvis et le matelas froid, au retour.",
EL134,RECEIVING reprend usage,WKG/musée,P1,U05,ABSENT,"Cherché « RECEIVING » dans src/LANGUAGE, src/MAPINFO, src/zscript/rf/*.zs, scripts/mapkit/rf0x.py : aucune occurrence qui s'y rapporte. Lieu : RF14-RF16 = blockouts V1. Séquence postérieure à RF07 : la campagne jouable finit après RF07 (src/MAPINFO:216) ; RF03 et RF08-RF23 sont des blockouts V1 sans contenu de récit (textures génériques, monstres Freedoom, aucun champ user_scene dans leurs TEXTMAP) ; src/LANGUAGE n'a de textes que pour RF01-RF07.",Le panneau RECEIVING qui reprend son usage.,
EL135,Page pictogrammesPOM6/YELLOWTEST,DocumentsVella,P2,J03,ABSENT,"Cherché « POM6 », « YELLOWTEST », « pictogramme » dans src/LANGUAGE, src/MAPINFO, src/zscript/rf/*.zs, scripts/mapkit/rf0x.py : aucune occurrence qui s'y rapporte. Lieu : aucune carte attribuée ; CAN-014. Séquence postérieure à RF07 : la campagne jouable finit après RF07 (src/MAPINFO:216) ; RF03 et RF08-RF23 sont des blockouts V1 sans contenu de récit (textures génériques, monstres Freedoom, aucun champ user_scene dans leurs TEXTMAP) ; src/LANGUAGE n'a de textes que pour RF01-RF07.",La page de pictogrammes POM6 / YELLOWTEST.,
EL136,"M+L/DO NOT MAIL, textile et carton",Archive,P1,U06,ABSENT,"Cherché « DO NOT MAIL », « M + L », « Tyvek » dans src/LANGUAGE, src/MAPINFO, src/zscript/rf/*.zs, scripts/mapkit/rf0x.py : aucune occurrence qui s'y rapporte. Lieu : RF21 « Retours » = blockout V1 (CANON_FIDELITE.md:54). Séquence postérieure à RF07 : la campagne jouable finit après RF07 (src/MAPINFO:216) ; RF03 et RF08-RF23 sont des blockouts V1 sans contenu de récit (textures génériques, monstres Freedoom, aucun champ user_scene dans leurs TEXTMAP) ; src/LANGUAGE n'a de textes que pour RF01-RF07.","M + L / DO NOT MAIL, le textile, le carton, arrêt sans ouverture.",
EL137,"Photos1994, OCR et détailinventé",Jerma documentaire,P1,J03,ABSENT,"Cherché « 1994 », « OCR » dans src/LANGUAGE, src/MAPINFO, src/zscript/rf/*.zs, scripts/mapkit/rf0x.py : aucune occurrence qui s'y rapporte. Lieu : aucune photo ni archive du Jerma dans le build. Séquence postérieure à RF07 : la campagne jouable finit après RF07 (src/MAPINFO:216) ; RF03 et RF08-RF23 sont des blockouts V1 sans contenu de récit (textures génériques, monstres Freedoom, aucun champ user_scene dans leurs TEXTMAP) ; src/LANGUAGE n'a de textes que pour RF01-RF07.","Les photos de 1994, l'OCR, le détail inventé.",
EL138,PaletteRGB et ERR0 genlock,DocumentsVella,P1,J03,ABSENT,"Cherché « ERR0 », « ERR 0 », « genlock », « palette » dans src/LANGUAGE, src/MAPINFO, src/zscript/rf/*.zs, scripts/mapkit/rf0x.py : aucune occurrence qui s'y rapporte. Lieu : aucune carte attribuée ; CAN-014 (CANON_FIDELITE.md:85) ; ERR 0 du genlock absent (CAN-006, ligne 77). Séquence postérieure à RF07 : la campagne jouable finit après RF07 (src/MAPINFO:216) ; RF03 et RF08-RF23 sont des blockouts V1 sans contenu de récit (textures génériques, monstres Freedoom, aucun champ user_scene dans leurs TEXTMAP) ; src/LANGUAGE n'a de textes que pour RF01-RF07.",La palette RGB et ERR0 du genlock.,
EL139,Photoordinaire et contenantsprivés détruits,Malte/archive,P1,U09,ABSENT,"Cherché « contenants », « scellé » dans src/LANGUAGE, src/MAPINFO, src/zscript/rf/*.zs, scripts/mapkit/rf0x.py : aucune occurrence qui s'y rapporte. Lieu : aucune carte attribuée. Séquence postérieure à RF07 : la campagne jouable finit après RF07 (src/MAPINFO:216) ; RF03 et RF08-RF23 sont des blockouts V1 sans contenu de récit (textures génériques, monstres Freedoom, aucun champ user_scene dans leurs TEXTMAP) ; src/LANGUAGE n'a de textes que pour RF01-RF07.",La photo ordinaire et les contenants privés détruits sans accès.,
EL140,Réparationpompe et instructionlocale,Luna,P2,U04,ABSENT,"Cherché « pompe », « gaze », « consigne » dans src/LANGUAGE, src/MAPINFO, src/zscript/rf/*.zs, scripts/mapkit/rf0x.py : aucune occurrence qui s'y rapporte. Lieu : fil tardif du Luna Park, absent ; RF05 a une salle des pompes du Niagara (scripts/mapkit/rf05.py:263-277) mais sans réparation de pompe ni consigne. Séquence postérieure à RF07 : la campagne jouable finit après RF07 (src/MAPINFO:216) ; RF03 et RF08-RF23 sont des blockouts V1 sans contenu de récit (textures génériques, monstres Freedoom, aucun champ user_scene dans leurs TEXTMAP) ; src/LANGUAGE n'a de textes que pour RF01-RF07.","La réparation de la pompe (courroie, gaze, boîte) et l'instruction locale.",
EL141,Nom prononcé et trois hommes debout,RF23 final,P1,U10,ABSENT,"Cherché « trois hommes », « se levèrent », « Salle d'attente » dans src/LANGUAGE, src/MAPINFO, src/zscript/rf/*.zs, scripts/mapkit/rf0x.py : aucune occurrence qui s'y rapporte. Lieu : RF23 « Salle d'attente » = blockout V1 (src/maps/RF23.wad : deux objets seulement, dont le départ) ; CAN-016 (CANON_FIDELITE.md:89). Séquence postérieure à RF07 : la campagne jouable finit après RF07 (src/MAPINFO:216) ; RF03 et RF08-RF23 sont des blockouts V1 sans contenu de récit (textures génériques, monstres Freedoom, aucun champ user_scene dans leurs TEXTMAP) ; src/LANGUAGE n'a de textes que pour RF01-RF07.","Le nom prononcé, les trois hommes qui se lèvent.",
EL142,Grenadeplastique47trombones,RF23 final,P1,U10,ABSENT,"Cherché « trombone », « grenade » dans src/LANGUAGE, src/MAPINFO, src/zscript/rf/*.zs, scripts/mapkit/rf0x.py : aucune occurrence qui s'y rapporte. Lieu : RF23 = blockout V1 ; CAN-016 ; « grenade » n'apparaît que dans le titre du jeu. Séquence postérieure à RF07 : la campagne jouable finit après RF07 (src/MAPINFO:216) ; RF03 et RF08-RF23 sont des blockouts V1 sans contenu de récit (textures génériques, monstres Freedoom, aucun champ user_scene dans leurs TEXTMAP) ; src/LANGUAGE n'a de textes que pour RF01-RF07.",La grenade en plastique aux 47 trombones.,
EL143,"Bâche, registre et portes ouvertes",RF01/fin,P1,U10,ABSENT,"Cherché « bâche », « mouche », « registre » dans src/LANGUAGE, src/MAPINFO, src/zscript/rf/*.zs, scripts/mapkit/rf0x.py : aucune occurrence qui s'y rapporte. Lieu : état final de Sainte-Anne (roman P22636-P22662), après RF23 : aucune scène. RF01 n'en a que des échos du début : registres lisibles (scripts/mapkit/rf01.py:187, 472) et texte de sortie src/LANGUAGE:74 (« Les portes de Sainte-Anne sont restées ouvertes »). Séquence postérieure à RF07 : la campagne jouable finit après RF07 (src/MAPINFO:216) ; RF03 et RF08-RF23 sont des blockouts V1 sans contenu de récit (textures génériques, monstres Freedoom, aucun champ user_scene dans leurs TEXTMAP) ; src/LANGUAGE n'a de textes que pour RF01-RF07.","Le dernier état : la bâche soulevée par le vent, les pages qui tournent, l'eau, la clef engagée dans la serrure, la mouche, la porte du vestibule ouverte.",
