event,target,runtime_parameters
rf/item/pickup,src/sounds/items/pickup.wav,mono; actor channel/attenuation from ZScript; mix volume in SNDINFO
rf/fal/shot1,src/sounds/fal/shot_01.wav,mono; actor channel/attenuation from ZScript; mix volume in SNDINFO
rf/fal/shot2,src/sounds/fal/shot_02.wav,mono; actor channel/attenuation from ZScript; mix volume in SNDINFO
rf/fal/shot3,src/sounds/fal/shot_03.wav,mono; actor channel/attenuation from ZScript; mix volume in SNDINFO
rf/fal/latch,src/sounds/fal/latch.wav,mono; actor channel/attenuation from ZScript; mix volume in SNDINFO
rf/fal/mag_out,src/sounds/fal/mag_out.wav,mono; actor channel/attenuation from ZScript; mix volume in SNDINFO
rf/fal/mag_in,src/sounds/fal/mag_in.wav,mono; actor channel/attenuation from ZScript; mix volume in SNDINFO
rf/fal/seat,src/sounds/fal/seat.wav,mono; actor channel/attenuation from ZScript; mix volume in SNDINFO
rf/fal/action,src/sounds/fal/action.wav,mono; actor channel/attenuation from ZScript; mix volume in SNDINFO
rf/fal/dry,src/sounds/fal/dry.wav,mono; actor channel/attenuation from ZScript; mix volume in SNDINFO
rf/fal/raise,src/sounds/fal/raise.wav,mono; actor channel/attenuation from ZScript; mix volume in SNDINFO
rf/fal/cloth,src/sounds/fal/cloth.wav,mono; actor channel/attenuation from ZScript; mix volume in SNDINFO
rf/fal/shell1,src/sounds/fal/shell_01.wav,mono; actor channel/attenuation from ZScript; mix volume in SNDINFO
rf/fal/shell2,src/sounds/fal/shell_02.wav,mono; actor channel/attenuation from ZScript; mix volume in SNDINFO
rf/browning/fire1,src/sounds/browning/fire_01.wav,mono; actor channel/attenuation from ZScript; mix volume in SNDINFO
rf/browning/fire2,src/sounds/browning/fire_02.wav,mono; actor channel/attenuation from ZScript; mix volume in SNDINFO
rf/browning/fire3,src/sounds/browning/fire_03.wav,mono; actor channel/attenuation from ZScript; mix volume in SNDINFO
rf/browning/slide,src/sounds/browning/slide.wav,mono; actor channel/attenuation from ZScript; mix volume in SNDINFO
rf/browning/dry,src/sounds/browning/dry.wav,mono; actor channel/attenuation from ZScript; mix volume in SNDINFO
rf/impact/plaster1,src/sounds/impact/plaster_01.wav,mono; actor channel/attenuation from ZScript; mix volume in SNDINFO
rf/impact/plaster2,src/sounds/impact/plaster_02.wav,mono; actor channel/attenuation from ZScript; mix volume in SNDINFO
rf/impact/wood1,src/sounds/impact/wood_01.wav,mono; actor channel/attenuation from ZScript; mix volume in SNDINFO
rf/impact/wood2,src/sounds/impact/wood_02.wav,mono; actor channel/attenuation from ZScript; mix volume in SNDINFO
rf/impact/metal1,src/sounds/impact/metal_01.wav,mono; actor channel/attenuation from ZScript; mix volume in SNDINFO
rf/impact/metal2,src/sounds/impact/metal_02.wav,mono; actor channel/attenuation from ZScript; mix volume in SNDINFO
rf/impact/flesh1,src/sounds/impact/flesh_01.wav,mono; actor channel/attenuation from ZScript; mix volume in SNDINFO
rf/impact/flesh2,src/sounds/impact/flesh_02.wav,mono; actor channel/attenuation from ZScript; mix volume in SNDINFO
rf/orderly/sight,src/sounds/orderly/penitent_sight.wav,mono; actor channel/attenuation from ZScript; mix volume in SNDINFO
rf/orderly/pain,src/sounds/orderly/penitent_pain.wav,mono; actor channel/attenuation from ZScript; mix volume in SNDINFO
rf/orderly/death,src/sounds/orderly/penitent_death.wav,mono; actor channel/attenuation from ZScript; mix volume in SNDINFO
rf/orderly/active,src/sounds/orderly/penitent_active.wav,mono; actor channel/attenuation from ZScript; mix volume in SNDINFO
rf/orderly/attack,src/sounds/orderly/penitent_attack.wav,mono; actor channel/attenuation from ZScript; mix volume in SNDINFO
rf/orderly/step1,src/sounds/orderly/step_01.wav,mono; actor channel/attenuation from ZScript; mix volume in SNDINFO
rf/orderly/step2,src/sounds/orderly/step_02.wav,mono; actor channel/attenuation from ZScript; mix volume in SNDINFO
rf/brancardier/sight,src/sounds/brancardier/invalid_sight.wav,mono; actor channel/attenuation from ZScript; mix volume in SNDINFO
rf/brancardier/pain,src/sounds/brancardier/invalid_pain.wav,mono; actor channel/attenuation from ZScript; mix volume in SNDINFO
rf/brancardier/death,src/sounds/brancardier/invalid_death.wav,mono; actor channel/attenuation from ZScript; mix volume in SNDINFO
rf/brancardier/active,src/sounds/brancardier/invalid_active.wav,mono; actor channel/attenuation from ZScript; mix volume in SNDINFO
rf/brancardier/brace,src/sounds/brancardier/brace.wav,mono; actor channel/attenuation from ZScript; mix volume in SNDINFO
rf/brancardier/wheel,src/sounds/brancardier/wheel.wav,mono; actor channel/attenuation from ZScript; mix volume in SNDINFO
rf/brancardier/hit,src/sounds/brancardier/frame_hit.wav,mono; actor channel/attenuation from ZScript; mix volume in SNDINFO
rf/porte/alert,src/sounds/porte/presence.wav,mono; actor channel/attenuation from ZScript; mix volume in SNDINFO
rf/porte/telegraph,src/sounds/porte/telegraph.wav,mono; actor channel/attenuation from ZScript; mix volume in SNDINFO
rf/porte/throw,src/sounds/porte/throw.wav,mono; actor channel/attenuation from ZScript; mix volume in SNDINFO
rf/porte/pain,src/sounds/porte/pain.wav,mono; actor channel/attenuation from ZScript; mix volume in SNDINFO
rf/porte/death,src/sounds/porte/death.wav,mono; actor channel/attenuation from ZScript; mix volume in SNDINFO
rf/world/door,src/sounds/world/door.wav,mono; actor channel/attenuation from ZScript; mix volume in SNDINFO
rf/world/switch,src/sounds/world/switch.wav,mono; actor channel/attenuation from ZScript; mix volume in SNDINFO
rf/world/paper,src/sounds/world/paper.wav,mono; actor channel/attenuation from ZScript; mix volume in SNDINFO
rf/world/winch,src/sounds/world/winch.wav,mono; actor channel/attenuation from ZScript; mix volume in SNDINFO
rf/amb/hum,src/sounds/world/hum_loop.wav,mono; actor channel/attenuation from ZScript; mix volume in SNDINFO
rf/amb/wind,src/sounds/world/wind_loop.wav,mono; actor channel/attenuation from ZScript; mix volume in SNDINFO
rf/amb/drip,src/sounds/world/drip_loop.wav,mono; actor channel/attenuation from ZScript; mix volume in SNDINFO
rf/amb/room,src/sounds/world/room_loop.wav,mono; actor channel/attenuation from ZScript; mix volume in SNDINFO
doors/dr1_open,src/sounds/world/door.wav,mono; actor channel/attenuation from ZScript; mix volume in SNDINFO
doors/dr1_clos,src/sounds/world/door_close.wav,mono; actor channel/attenuation from ZScript; mix volume in SNDINFO
doors/dr2_open,src/sounds/world/door.wav,mono; actor channel/attenuation from ZScript; mix volume in SNDINFO
doors/dr2_clos,src/sounds/world/door_close.wav,mono; actor channel/attenuation from ZScript; mix volume in SNDINFO
plats/pt1_strt,src/sounds/world/winch.wav,mono; actor channel/attenuation from ZScript; mix volume in SNDINFO
plats/pt1_stop,src/sounds/world/switch.wav,mono; actor channel/attenuation from ZScript; mix volume in SNDINFO
switches/normbutn,src/sounds/world/switch.wav,mono; actor channel/attenuation from ZScript; mix volume in SNDINFO
rf/player/step1,src/sounds/orderly/step_01.wav,mono; actor channel/attenuation from ZScript; mix volume in SNDINFO
rf/player/step2,src/sounds/orderly/step_02.wav,mono; actor channel/attenuation from ZScript; mix volume in SNDINFO
rf/silence,src/sounds/world/silence.wav,mono; actor channel/attenuation from ZScript; mix volume in SNDINFO
rf/dev/sync,src/sounds/dev/sync.wav,mono; actor channel/attenuation from ZScript; mix volume in SNDINFO
rf/world/body_fall,src/sounds/world/body_fall.wav,mono; actor channel/attenuation from ZScript; mix volume in SNDINFO
rf/viktor/pain1,src/sounds/viktor/pain_01.wav,mono; actor channel/attenuation from ZScript; mix volume in SNDINFO
rf/viktor/pain2,src/sounds/viktor/pain_02.wav,mono; actor channel/attenuation from ZScript; mix volume in SNDINFO
rf/viktor/death,src/sounds/viktor/death.wav,mono; actor channel/attenuation from ZScript; mix volume in SNDINFO
rf/impact/plaster3,src/sounds/impact/plaster_03.wav,mono; actor channel/attenuation from ZScript; mix volume in SNDINFO
rf/impact/wood3,src/sounds/impact/wood_03.wav,mono; actor channel/attenuation from ZScript; mix volume in SNDINFO
rf/impact/metal3,src/sounds/impact/metal_03.wav,mono; actor channel/attenuation from ZScript; mix volume in SNDINFO
rf/impact/flesh3,src/sounds/impact/flesh_03.wav,mono; actor channel/attenuation from ZScript; mix volume in SNDINFO
rf/orderly/step3,src/sounds/orderly/step_03.wav,mono; actor channel/attenuation from ZScript; mix volume in SNDINFO
rf/fal/shell3,src/sounds/fal/shell_03.wav,mono; actor channel/attenuation from ZScript; mix volume in SNDINFO
rf/player/step3,src/sounds/orderly/step_03.wav,mono; actor channel/attenuation from ZScript; mix volume in SNDINFO
